model_norm,in_drawings_json,in_drive_manifest,drawings_count,drive_rows_count,parts_count
00300,TAK,TAK,1,1,36
00320,TAK,TAK,1,1,36
00500,TAK,TAK,1,1,27
00510,TAK,TAK,1,1,32
00600,TAK,TAK,1,1,27
00610,TAK,TAK,1,1,32
00703,TAK,TAK,1,1,36
01060,TAK,TAK,1,1,29
09900,TAK,TAK,1,1,4
09903,TAK,TAK,1,1,0
53575,TAK,TAK,1,1,0
53576,TAK,TAK,1,1,0
53577,TAK,TAK,1,1,0
55820,TAK,TAK,1,1,0
57090,TAK,TAK,1,1,0
57091,TAK,TAK,1,1,0
57092,TAK,TAK,1,1,0
57097,TAK,TAK,1,1,0
58539,TAK,TAK,1,1,0
58540,TAK,TAK,1,1,0
58550,TAK,TAK,1,1,0
58643,TAK,TAK,1,1,0
58661,TAK,TAK,1,1,0
58687,TAK,TAK,1,1,0
58689,TAK,TAK,1,1,0
58690,TAK,TAK,1,1,0
58691,TAK,TAK,1,1,0
58700,TAK,TAK,1,1,0
66841,TAK,TAK,1,1,0
66842,TAK,TAK,1,1,0
66930,TAK,TAK,1,1,0
66932,TAK,TAK,1,1,0
66934,TAK,TAK,1,1,0
66936,TAK,TAK,1,1,0
66940,TAK,TAK,1,1,0
66950,TAK,TAK,1,1,0
67026,TAK,TAK,1,1,0
67032,TAK,TAK,1,1,0
67033,TAK,TAK,1,1,0
67034,TAK,TAK,1,1,0
67090,TAK,TAK,1,1,0
67091,TAK,TAK,1,1,0
67092,TAK,TAK,1,1,0
67110,TAK,TAK,1,1,0
67111,TAK,TAK,1,1,0
67112,TAK,TAK,1,1,0
67113,TAK,TAK,1,1,0
67120,TAK,TAK,1,1,0
67121,TAK,TAK,1,1,0
67125,TAK,TAK,1,1,0
67180,TAK,TAK,1,1,0
67200,TAK,TAK,1,1,0
67201,TAK,TAK,1,1,0
67220,TAK,TAK,1,1,0
67221,TAK,TAK,1,1,0
67230,TAK,TAK,1,1,0
67231,TAK,TAK,1,1,0
67292,TAK,TAK,1,1,0
67293,TAK,TAK,1,1,0
67420,TAK,TAK,1,1,0
67422,TAK,TAK,1,1,0
67423,TAK,TAK,1,1,0
67424,TAK,TAK,1,1,0
67450,TAK,TAK,1,1,0
67451,TAK,TAK,1,1,0
67453,TAK,TAK,1,1,0
67455,TAK,TAK,1,1,0
67456,TAK,TAK,1,1,0
67457,TAK,TAK,1,1,0
67458,TAK,TAK,1,1,0
67460,TAK,TAK,1,1,0
67470,TAK,TAK,1,1,0
67480,TAK,TAK,1,1,0
67500,TAK,TAK,1,1,0
67501,TAK,TAK,1,1,0
67520,TAK,TAK,1,1,0
67521,TAK,TAK,1,1,0
67522,TAK,TAK,1,1,0
67523,TAK,TAK,1,1,0
67525,TAK,TAK,1,1,0
67526,TAK,TAK,1,1,0
67527,TAK,TAK,1,1,0
67528,TAK,TAK,1,1,0
67530,TAK,TAK,1,1,0
67570,TAK,TAK,1,1,0
67571,TAK,TAK,1,1,0
67572,TAK,TAK,1,1,0
67573,TAK,TAK,1,1,0
67574,TAK,TAK,1,1,0
67575,TAK,TAK,1,1,0
67576,TAK,TAK,1,1,0
67580,TAK,TAK,1,1,0
67581,TAK,TAK,1,1,0
67582,TAK,TAK,1,1,0
67584,TAK,TAK,1,1,0
67590,TAK,TAK,1,1,0
67640,TAK,TAK,1,1,0
67641,TAK,TAK,1,1,0
67642,TAK,TAK,1,1,0
67660,TAK,TAK,1,1,0
67661,TAK,TAK,1,1,0
67700,TAK,TAK,1,1,0
67701,TAK,TAK,1,1,0
67702,TAK,TAK,1,1,0
67703,TAK,TAK,1,1,0
67704,TAK,TAK,1,1,0
67705,TAK,TAK,1,1,0
67707,TAK,TAK,1,1,0
67780,TAK,TAK,1,1,0
67781,TAK,TAK,1,1,0
67790,TAK,TAK,1,1,0
67805,TAK,TAK,1,1,0
67810,TAK,TAK,1,1,0
67811,TAK,TAK,1,1,0
67812,TAK,TAK,1,1,0
67813,TAK,TAK,1,1,0
67814,TAK,TAK,1,1,0
67815,TAK,TAK,1,1,0
67840,TAK,TAK,1,1,0
67841,TAK,TAK,1,1,0
67850,TAK,TAK,1,1,0
67851,TAK,TAK,1,1,0
67853,TAK,TAK,1,1,0
67860,TAK,TAK,1,1,0
67880,TAK,TAK,1,1,0
67882,TAK,TAK,1,1,0
67900,TAK,TAK,1,1,0
67901,TAK,TAK,1,1,0
67950,TAK,TAK,1,1,0
67961,TAK,TAK,1,1,0
68010,TAK,TAK,1,1,0
68011,TAK,TAK,1,1,0
68015,TAK,TAK,1,1,0
68016,TAK,TAK,1,1,0
68032,TAK,TAK,1,1,0
68033,TAK,TAK,1,1,0
68050,TAK,TAK,1,1,0
68051,TAK,TAK,1,1,0
68052,TAK,TAK,1,1,0
68053,TAK,TAK,1,1,0
68090,TAK,TAK,1,1,0
68100,TAK,TAK,1,1,0
68115,TAK,TAK,1,1,0
68116,TAK,TAK,1,1,0
68172,TAK,TAK,1,1,0
68173,TAK,TAK,1,1,0
68174,TAK,TAK,1,1,0
68193,TAK,TAK,1,1,0
68194,TAK,TAK,1,1,0
68195,TAK,TAK,1,1,0
68206,TAK,TAK,1,1,0
68216,TAK,TAK,1,1,0
68217,TAK,TAK,1,1,0
68218,TAK,TAK,1,1,0
68219,TAK,NIE,1,0,0
6821968223,NIE,TAK,0,1,0
68250,TAK,TAK,1,1,0
68251,TAK,TAK,1,1,0
68260,TAK,TAK,1,1,0
68270,TAK,TAK,1,1,0
68271,TAK,TAK,1,1,0
68272,TAK,TAK,1,1,0
68273,TAK,TAK,1,1,0
68280,TAK,TAK,1,1,0
68281,TAK,TAK,1,1,0
68477,TAK,TAK,1,1,0
68480,TAK,TAK,1,1,0
68481,TAK,TAK,1,1,0
68501,TAK,TAK,1,1,0
68502,TAK,TAK,1,1,0
68510,TAK,TAK,1,1,0
68650,TAK,TAK,1,1,0
68651,TAK,TAK,1,1,0
68652,TAK,TAK,1,1,0
68791,TAK,TAK,1,1,0
68792,TAK,TAK,1,1,0
68793,TAK,TAK,1,1,0
70280,TAK,TAK,1,1,0
71500,TAK,TAK,1,1,0
72928,TAK,TAK,1,1,0
72930,TAK,TAK,1,1,0
73056,TAK,TAK,1,1,0
73060,TAK,TAK,1,1,0
73200,TAK,TAK,1,1,0
73201,TAK,TAK,1,1,0
73202,TAK,TAK,1,1,0
73203,TAK,TAK,1,1,0
73400,TAK,TAK,1,1,0
73403,TAK,TAK,1,1,0
73410,TAK,TAK,1,1,0
73420,TAK,TAK,1,1,0
73470,TAK,TAK,1,1,0
73473,TAK,TAK,1,1,0
75662,TAK,TAK,1,1,0
75663,TAK,TAK,1,1,0
75664,TAK,TAK,1,1,0
75665,TAK,TAK,1,1,0
75670,TAK,TAK,1,1,0
75671,TAK,TAK,1,1,0
75672,TAK,TAK,1,1,0
75673,TAK,TAK,1,1,0
75674,TAK,TAK,1,1,0
75685,TAK,TAK,1,1,0
75686,TAK,TAK,1,1,0
75687,TAK,TAK,1,1,0
75688,TAK,TAK,1,1,0
75689,TAK,TAK,1,1,0
75705,TAK,NIE,1,0,0
7570575706757077570875709757107571175712,NIE,TAK,0,1,0
75716,TAK,TAK,1,1,0
75719,TAK,TAK,1,1,0
75740,TAK,TAK,1,1,0
75742,TAK,TAK,1,1,0
75743,TAK,TAK,1,1,0
75745,TAK,TAK,1,1,0
75747,TAK,TAK,1,1,0
75748,TAK,TAK,1,1,0
75749,TAK,TAK,1,1,0
75760,TAK,TAK,1,1,0
75762,TAK,TAK,1,1,0
75763,TAK,TAK,1,1,0
75764,TAK,TAK,1,1,0
75765,TAK,TAK,1,1,0
75767,TAK,TAK,1,1,0
75768,TAK,TAK,1,1,0
75770,TAK,TAK,1,1,0
75772,TAK,TAK,1,1,0
75773,TAK,TAK,1,1,0
75774,TAK,TAK,1,1,0
75775,TAK,TAK,2,1,0
7577575776757777577875779,NIE,TAK,0,1,0
75804,TAK,TAK,1,1,0
75805,TAK,TAK,1,1,0
75807,TAK,TAK,1,1,0
75808,TAK,TAK,1,1,0
75809,TAK,TAK,1,1,0
75811,TAK,TAK,1,1,0
75812,TAK,TAK,1,1,0
75813,TAK,TAK,1,1,0
75814,TAK,TAK,1,1,0
75815,TAK,TAK,1,1,0
75816,TAK,TAK,1,1,0
75817,TAK,TAK,1,1,0
75818,TAK,TAK,1,1,0
75827,TAK,TAK,1,1,0
75828,TAK,TAK,1,1,0
75829,TAK,TAK,1,1,0
75830,TAK,TAK,1,1,0
75831,TAK,TAK,1,1,0
75832,TAK,TAK,1,1,0
75833,TAK,TAK,1,1,0
75835,TAK,TAK,1,1,0
75836,TAK,TAK,1,1,0
75837,TAK,TAK,1,1,0
75838,TAK,TAK,1,1,0
75880,TAK,TAK,1,1,0
75881,TAK,TAK,1,1,0
75882,TAK,TAK,1,1,0
75883,TAK,TAK,1,1,0
75884,TAK,TAK,1,1,0
75885,TAK,TAK,1,1,0
75886,TAK,TAK,1,1,0
75887,TAK,TAK,1,1,0
75888,TAK,TAK,1,1,0
75889,TAK,TAK,1,1,0
75921,TAK,TAK,1,1,0
75923,TAK,TAK,1,1,0
75924,TAK,TAK,1,1,0
75930,TAK,TAK,1,1,0
75931,TAK,TAK,1,1,0
75932,TAK,TAK,1,1,0
75944,TAK,TAK,1,1,0
75945,TAK,TAK,1,1,0
75951,TAK,TAK,1,1,0
75953,TAK,TAK,1,1,0
75977,TAK,TAK,1,1,0
75978,TAK,TAK,1,1,0
75979,TAK,TAK,1,1,0
75980,TAK,TAK,1,1,0
75981,TAK,TAK,1,1,0
75982,TAK,TAK,1,1,0
75983,TAK,TAK,1,1,0
75984,TAK,TAK,1,1,0
77990,TAK,TAK,1,1,0
78080,TAK,TAK,1,1,0
78081,TAK,TAK,1,1,0
78082,TAK,TAK,1,1,0
78084,TAK,TAK,1,1,0
78085,TAK,TAK,1,1,0
78090,TAK,TAK,1,1,0
78091,TAK,TAK,1,1,0
78107,TAK,TAK,1,1,0
78113,TAK,TAK,1,1,0
78123,TAK,TAK,1,1,0
78124,TAK,TAK,1,1,0
78125,TAK,TAK,1,1,0
78136,TAK,TAK,1,1,0
78137,TAK,TAK,1,1,0
78138,TAK,TAK,1,1,0
78139,TAK,TAK,1,1,0
78143,TAK,TAK,1,1,0
78151,TAK,TAK,1,1,0
78158,TAK,TAK,1,1,0
78180,TAK,TAK,1,1,0
78181,TAK,TAK,1,1,0
78184,TAK,TAK,1,1,0
78185,TAK,TAK,1,1,0
78186,TAK,TAK,1,1,0
78187,TAK,TAK,1,1,0
78190,TAK,TAK,1,1,0
78203,TAK,TAK,1,1,0
78204,TAK,TAK,1,1,0
78210,TAK,TAK,1,1,0
78211,TAK,TAK,1,1,0
78641,TAK,TAK,1,1,0
78854,TAK,TAK,1,1,0
78855,TAK,TAK,1,1,0
78910,TAK,TAK,1,1,0
78911,TAK,TAK,1,1,0
78970,TAK,TAK,1,1,0
78972,TAK,TAK,1,1,0
78974,TAK,TAK,1,1,0
78981,TAK,TAK,1,1,0
78982,TAK,TAK,1,1,0
78983,TAK,TAK,1,1,0
78992,TAK,TAK,1,1,0
78995,TAK,TAK,1,1,0
78997,TAK,TAK,1,1,0
79002,TAK,TAK,1,1,0
79004,TAK,TAK,1,1,0
79005,TAK,TAK,1,1,0
79007,TAK,TAK,1,1,0
79012,TAK,TAK,1,1,0
79013,TAK,TAK,1,1,0
79015,TAK,TAK,1,1,0
79018,TAK,TAK,1,1,0
79023,TAK,TAK,1,1,0
79024,TAK,TAK,1,1,0
79026,TAK,TAK,1,1,0
79030,TAK,TAK,1,1,0
79031,TAK,TAK,1,1,0
79032,TAK,TAK,1,1,0
79033,TAK,TAK,1,1,0
79034,TAK,TAK,1,1,0
79036,TAK,TAK,1,1,0
79046,TAK,TAK,1,1,0
79047,TAK,TAK,1,1,0
79048,TAK,TAK,1,1,0
79049,TAK,TAK,1,1,0
79053,TAK,TAK,1,1,0
79054,TAK,TAK,1,1,0
79056,TAK,TAK,1,1,0
79071,TAK,TAK,1,1,0
79076,TAK,TAK,1,1,0
79090,TAK,TAK,1,1,0
79093,TAK,TAK,1,1,0
79094,TAK,TAK,1,1,0
79095,TAK,TAK,1,1,0
79096,TAK,TAK,1,1,0
79098,TAK,TAK,1,1,0
79099,TAK,TAK,1,1,0
79100,TAK,TAK,1,1,0
79101,TAK,TAK,1,1,0
79104,TAK,TAK,1,1,0
79105,TAK,TAK,1,1,0
79106,TAK,TAK,1,1,0
79108,TAK,TAK,1,1,0
79109,TAK,TAK,1,1,0
79113,TAK,TAK,1,1,0
79114,TAK,TAK,1,1,0
79116,TAK,TAK,1,1,0
79118,TAK,TAK,1,1,0
79119,TAK,TAK,1,1,0
79120,TAK,TAK,1,1,0
79123,TAK,TAK,1,1,0
79124,TAK,TAK,1,1,0
79125,TAK,TAK,1,1,0
79129,TAK,TAK,1,1,0
79135,TAK,TAK,1,1,0
79140,TAK,TAK,1,1,0
79141,TAK,TAK,1,1,0
79143,TAK,TAK,1,1,0
79150,TAK,TAK,1,1,0
79151,TAK,TAK,1,1,0
79237,TAK,TAK,1,1,0
79238,TAK,TAK,1,1,0
79239,TAK,TAK,1,1,0
79240,TAK,TAK,1,1,0
79248,TAK,TAK,1,1,0
79249,TAK,TAK,1,1,0
79252,TAK,TAK,1,1,0
79253,TAK,TAK,1,1,0
79254,TAK,TAK,1,1,0
79257,TAK,TAK,1,1,0
79275,TAK,TAK,1,1,0
79307,TAK,TAK,1,1,0
79309,TAK,TAK,1,1,0
79314,TAK,TAK,1,1,0
79318,TAK,TAK,1,1,0
79319,TAK,TAK,1,1,0
79320,TAK,TAK,1,1,0
79322,TAK,TAK,1,1,0
79324,TAK,TAK,1,1,0
79325,TAK,TAK,1,1,0
79326,TAK,TAK,1,1,0
79327,TAK,TAK,1,1,0
79328,TAK,TAK,1,1,0
79329,TAK,TAK,1,1,0
79332,TAK,TAK,1,1,0
79334,TAK,TAK,1,1,0
79350,TAK,TAK,1,1,0
79352,TAK,TAK,1,1,0
79353,TAK,TAK,1,1,0
79354,TAK,TAK,1,1,0
79355,TAK,TAK,1,1,0
79358,TAK,TAK,1,1,0
79363,TAK,TAK,1,1,0
79364,TAK,TAK,1,1,0
79376,TAK,TAK,1,1,0
79379,TAK,TAK,1,1,0
79382,TAK,TAK,1,1,0
79383,TAK,TAK,1,1,0
79385,TAK,TAK,1,1,0
79410,TAK,TAK,1,1,0
79413,TAK,TAK,1,1,0
79415,TAK,TAK,1,1,0
79416,TAK,TAK,1,1,0
79420,TAK,TAK,1,1,0
79442,TAK,TAK,1,1,0
79444,TAK,TAK,1,1,0
79448,TAK,TAK,1,1,0
79456,TAK,TAK,1,1,0
79467,TAK,TAK,1,1,0
79473,TAK,TAK,1,1,0
79474,TAK,TAK,1,1,0
79475,TAK,TAK,1,1,0
79476,TAK,TAK,1,1,0
79477,TAK,TAK,1,1,0
79478,TAK,TAK,1,1,0
79479,TAK,TAK,1,1,0
79481,TAK,TAK,1,1,0
79482,TAK,TAK,1,1,0
79484,TAK,TAK,1,1,0
79487,TAK,TAK,1,1,0
79493,TAK,TAK,1,1,0
79500,TAK,TAK,1,1,0
79725,TAK,TAK,1,1,0
79734,TAK,TAK,1,1,0
79771,TAK,TAK,1,1,0
79772,TAK,TAK,1,1,0
79773,TAK,TAK,1,1,0
79774,TAK,TAK,1,1,0
79775,TAK,TAK,1,1,0
79781,TAK,TAK,1,1,0
79782,TAK,TAK,1,1,0
79783,TAK,TAK,1,1,0
79790,TAK,TAK,1,1,0
79791,TAK,TAK,1,1,0
79792,TAK,TAK,1,1,0
79810,TAK,TAK,1,1,0
79811,TAK,TAK,1,1,0
79812,TAK,TAK,1,1,0
79880,TAK,TAK,1,1,0
79909,TAK,TAK,1,1,0
79926,TAK,TAK,1,1,0
79927,TAK,TAK,1,1,0
79928,TAK,TAK,1,1,0
79929,TAK,TAK,1,1,0
79930,TAK,TAK,1,1,0
79931,TAK,TAK,1,1,0
79932,TAK,TAK,1,1,0
79933,TAK,TAK,1,1,0
79943,TAK,TAK,1,1,0
79944,TAK,TAK,1,1,0
80012,TAK,TAK,1,1,0
80022,TAK,TAK,1,1,0
80032,TAK,TAK,1,1,0
80042,TAK,TAK,1,1,0
80052,TAK,TAK,1,1,0
80062,TAK,TAK,1,1,0
80072,TAK,TAK,1,1,0
80082,TAK,TAK,1,1,0
80111,TAK,TAK,1,1,0
80220,TAK,TAK,1,1,0
80330,TAK,TAK,1,1,0
80340,TAK,TAK,1,1,0
80350,TAK,TAK,1,1,0
80412,TAK,TAK,1,1,0
80450,TAK,TAK,1,1,0
80902,TAK,TAK,1,1,0
80970,TAK,TAK,1,1,0
81070,TAK,TAK,1,1,0
81101,TAK,TAK,1,1,0
81110,TAK,TAK,1,1,0
81617,TAK,TAK,1,1,0
81618,TAK,TAK,1,1,0
82541,TAK,TAK,1,1,0
82542,TAK,TAK,1,1,0
82543,TAK,TAK,1,1,0
82544,TAK,TAK,1,1,0
82550,TAK,TAK,1,1,0
827791,TAK,NIE,1,0,23
827793,TAK,NIE,1,0,35
82942,TAK,TAK,1,1,0
89610,TAK,TAK,1,1,0
89611,TAK,TAK,1,1,0
99657,TAK,TAK,1,1,0
99658,TAK,TAK,1,1,0
YG03000,TAK,TAK,1,1,0
YG03006,TAK,TAK,1,1,0
YG03012,TAK,TAK,1,1,0
YG03020,TAK,TAK,1,1,0
YG03021,TAK,TAK,1,1,0
YG03022,TAK,TAK,1,1,0
YG03023,TAK,TAK,1,1,0
YG03025,TAK,TAK,1,1,0
YG03026,TAK,TAK,1,1,0
YG03027,TAK,TAK,1,1,0
YG03028,TAK,TAK,1,1,0
YG03029,TAK,TAK,1,1,0
YG03059,TAK,TAK,1,1,0
YG03060,TAK,TAK,1,1,0
YG03062,TAK,TAK,1,1,0
YG03065,TAK,TAK,1,1,0
YG03068,TAK,TAK,1,1,0
YG03087,TAK,TAK,1,1,0
YG03090,TAK,TAK,1,1,0
YG03100,TAK,TAK,1,1,0
YG03110,TAK,TAK,1,1,0
YG03118,TAK,TAK,1,1,68
YG03120,TAK,TAK,1,1,0
YG03130,TAK,TAK,1,1,0
YG03200,TAK,TAK,1,1,0
YG03211,TAK,TAK,1,1,0
YG03215,TAK,TAK,1,1,0
YG03231,TAK,TAK,1,1,0
YG03232,TAK,TAK,1,1,0
YG03235,TAK,TAK,1,1,0
YG03275,TAK,TAK,1,1,0
YG03300,TAK,TAK,1,1,0
YG03350,TAK,TAK,1,1,0
YG03360,TAK,TAK,1,1,0
YG03370,TAK,TAK,1,1,0
YG03371,TAK,TAK,1,1,0
YG03372,TAK,TAK,1,1,0
YG03373,TAK,TAK,1,1,0
YG03379,TAK,TAK,1,1,0
YG03380,TAK,TAK,1,1,0
YG03382,TAK,TAK,1,1,0
YG03392,TAK,TAK,1,1,0
YG03395,TAK,TAK,1,1,0
YG04250,TAK,TAK,1,1,0
YG04292,TAK,TAK,1,1,0
YG04301,TAK,TAK,1,1,0
YG04310,TAK,TAK,1,1,0
YG04311,TAK,TAK,1,1,0
YG04315,TAK,TAK,1,1,0
YG04316,TAK,TAK,1,1,0
YG04318,TAK,TAK,1,1,0
YG04319,TAK,TAK,1,1,0
YG04321,TAK,TAK,1,1,0
YG04324,TAK,TAK,1,1,0
YG04555,TAK,TAK,1,1,0
YG04556,TAK,TAK,1,1,0
YG04557,TAK,TAK,1,1,0
YG04558,TAK,TAK,1,1,0
YG04559,TAK,TAK,1,1,0
YG04560,TAK,TAK,1,1,0
YG04563,TAK,TAK,1,1,0
YG04584,TAK,TAK,1,1,0
YG04585,TAK,TAK,1,1,0
YG04586,TAK,TAK,1,1,0
YG04587,TAK,TAK,1,1,0
YG04588,TAK,TAK,1,1,0
YG04608,TAK,TAK,1,1,0
YG04609,TAK,TAK,1,1,0
YG04610,TAK,TAK,1,1,0
YG04615,TAK,TAK,1,1,0
YG04616,TAK,TAK,1,1,0
YG04617,TAK,TAK,1,1,0
YG04620,TAK,TAK,1,1,0
YG04621,TAK,TAK,1,1,0
YG04622,TAK,TAK,1,1,0
YG04623,TAK,TAK,1,1,0
YG04624,TAK,TAK,1,1,0
YG04630,TAK,TAK,1,1,0
YG04632,TAK,TAK,1,1,0
YG04634,TAK,TAK,1,1,0
YG04636,TAK,TAK,1,1,0
YG04638,TAK,TAK,1,1,0
YG04640,TAK,TAK,1,1,0
YG04641,TAK,TAK,1,1,0
YG04660,TAK,TAK,1,1,0
YG04680,TAK,TAK,1,1,0
YG04695,TAK,TAK,1,1,0
YG04696,TAK,TAK,1,1,0
YG04700,TAK,TAK,1,1,0
YG04701,TAK,TAK,1,1,0
YG04705,TAK,TAK,1,1,0
YG05000,TAK,TAK,1,1,0
YG05001,TAK,TAK,1,1,0
YG05002,TAK,TAK,1,1,0
YG05005,TAK,TAK,1,1,0
YG05007,TAK,TAK,1,1,0
YG05020,TAK,TAK,1,1,0
YG05021,TAK,TAK,1,1,0
YG05022,TAK,TAK,1,1,0
YG05025,TAK,TAK,1,1,0
YG05040,TAK,TAK,1,1,0
YG05045,TAK,TAK,1,1,0
YG05050,TAK,TAK,1,1,0
YG05051,TAK,TAK,1,1,0
YG05052,TAK,TAK,1,1,0
YG05053,TAK,TAK,1,1,0
YG05055,TAK,TAK,1,1,0
YG05056,TAK,TAK,1,1,0
YG05057,TAK,TAK,1,1,0
YG05060,TAK,TAK,1,1,0
YG05064,TAK,TAK,1,1,0
YG05068,TAK,TAK,1,1,0
YG05090,TAK,TAK,1,1,0
YG05094,TAK,TAK,1,1,0
YG05098,TAK,TAK,1,1,0
YG05171,TAK,TAK,1,1,0
YG05174,TAK,TAK,1,1,0
YG05177,TAK,TAK,1,1,0
YG05179,TAK,TAK,1,1,0
YG05180,TAK,TAK,1,1,0
YG05200,TAK,TAK,1,1,0
YG05201,TAK,TAK,1,1,0
YG05210,TAK,TAK,1,1,0
YG05211,TAK,TAK,1,1,0
YG05215,TAK,TAK,1,1,0
YG05216,TAK,TAK,1,1,0
YG05220,TAK,TAK,1,1,0
YG05221,TAK,TAK,1,1,0
YG05225,TAK,TAK,1,1,0
YG05226,TAK,TAK,1,1,0
YG05227,TAK,TAK,1,1,0
YG05230,TAK,TAK,1,1,0
YG05231,TAK,TAK,1,1,0
YG05232,TAK,TAK,1,1,0
YG05233,TAK,TAK,1,1,0
YG05234,TAK,TAK,1,1,0
YG05235,TAK,TAK,1,1,0
YG05236,TAK,TAK,1,1,0
YG05250,TAK,TAK,1,1,0
YG05251,TAK,TAK,1,1,0
YG05252,TAK,TAK,1,1,0
YG05253,TAK,TAK,1,1,0
YG05254,TAK,TAK,1,1,0
YG05255,TAK,TAK,1,1,0
YG05256,TAK,TAK,1,1,0
YG05257,TAK,TAK,1,1,0
YG05258,TAK,TAK,1,1,0
YG05259,TAK,TAK,1,1,0
YG05260,TAK,TAK,1,1,0
YG05262,TAK,TAK,1,1,0
YG05270,TAK,TAK,1,1,0
YG05275,TAK,TAK,1,1,0
YG05280,TAK,TAK,1,1,0
YG05281,TAK,TAK,1,1,0
YG05290,TAK,TAK,1,1,0
YG05300,TAK,TAK,1,1,0
YG05305,TAK,TAK,1,1,0
YG05310,TAK,TAK,1,1,0
YG05320,TAK,TAK,1,1,0
YG05321,TAK,TAK,1,1,0
YG05322,TAK,TAK,1,1,0
YG05323,TAK,TAK,1,1,0
YG05330,TAK,TAK,1,1,0
YG05331,TAK,TAK,1,1,0
YG05332,TAK,TAK,1,1,0
YG05350,TAK,TAK,1,1,0
YG05355,TAK,TAK,1,1,0
YG05356,TAK,TAK,1,1,0
YG05360,TAK,TAK,1,1,0
YG07001,TAK,TAK,1,1,0
YG09000,TAK,TAK,1,1,0
YG09001,TAK,TAK,1,1,0
YG09002,TAK,TAK,1,1,0
YG09003,TAK,TAK,1,1,0
YG09004,TAK,TAK,1,1,0
YG09005,TAK,TAK,1,1,0
YG09006,TAK,TAK,1,1,0
YG09010,TAK,TAK,1,1,0
YG09011,TAK,TAK,1,1,0
YG09012,TAK,TAK,1,1,0
YG09013,TAK,TAK,1,1,0
YG09014,TAK,TAK,1,1,0
YG09020,TAK,TAK,1,1,0
YG09021,TAK,TAK,1,1,0
YG09022,TAK,TAK,1,1,0
YG09023,TAK,TAK,1,1,0
YG09024,TAK,TAK,1,1,0
YG09025,TAK,TAK,1,1,0
YG09030,TAK,TAK,1,1,0
YG09031,TAK,TAK,1,1,0
YG09032,TAK,TAK,1,1,0
YG09033,TAK,TAK,1,1,0
YG09034,TAK,TAK,1,1,0
YG09035,TAK,TAK,1,1,0
YG09225,TAK,TAK,1,1,0
YG09226,TAK,TAK,1,1,0
YG09227,TAK,TAK,1,1,0
YG09230,TAK,TAK,1,1,0
YG09231,TAK,TAK,1,1,0
YG09233,TAK,TAK,1,1,0
YG09249,TAK,TAK,1,1,0
YG09250,TAK,TAK,1,1,0
YG09303,TAK,TAK,1,1,0
YG09304,TAK,TAK,1,1,0
YG09305,TAK,TAK,1,1,0
YG09307,TAK,TAK,1,1,0
YG09310,TAK,TAK,1,1,0
YG09311,TAK,TAK,1,1,0
YG09312,TAK,TAK,1,1,0
YG09315,TAK,TAK,1,1,0
YG09510,TAK,TAK,1,1,0
YG09550,TAK,TAK,1,1,0
YG09551,TAK,TAK,1,1,0
YG10010,TAK,TAK,1,1,0
YG20001,TAK,TAK,1,1,0
YG20002,TAK,TAK,1,1,0
YG20011,TAK,TAK,1,1,0
YG20012,TAK,TAK,1,1,0
YG20013,TAK,TAK,1,1,0
YG20015,TAK,TAK,1,1,0
YG20016,TAK,TAK,1,1,0
YG20102,TAK,TAK,1,1,0
YG20106,TAK,TAK,1,1,0
YT05855,TAK,TAK,1,1,0
YT05856,TAK,TAK,1,1,0
YT06845,TAK,TAK,1,1,0
YT07020,TAK,TAK,1,1,0
YT07021,TAK,TAK,1,1,0
YT07057,TAK,TAK,1,1,0
YT07067,TAK,TAK,1,1,0
YT07068,TAK,TAK,1,1,0
YT07069,TAK,TAK,1,1,0
YT07190,TAK,TAK,1,1,0
YT07195,TAK,TAK,1,1,0
YT0750,TAK,TAK,1,1,0
YT0751,TAK,TAK,1,1,0
YT0752,TAK,TAK,1,1,0
YT0756,TAK,TAK,1,1,0
YT0762,TAK,TAK,1,1,0
YT0767,TAK,TAK,1,1,0
YT0780,TAK,TAK,1,1,0
YT0781,TAK,TAK,1,1,0
YT08502,TAK,TAK,1,1,0
YT08505,TAK,TAK,1,1,0
YT08518,TAK,TAK,1,1,0
YT09201,TAK,TAK,1,1,0
YT09202,TAK,TAK,1,1,0
YT09203,TAK,TAK,1,1,0
YT09204,TAK,TAK,1,1,0
YT09205,TAK,TAK,1,1,0
YT09206,TAK,TAK,1,1,0
YT09211,TAK,TAK,1,1,0
YT09212,TAK,TAK,1,1,0
YT09213,TAK,TAK,1,1,0
YT09220,TAK,TAK,1,1,0
YT09221,TAK,TAK,1,1,0
YT09222,TAK,TAK,1,1,0
YT09223,TAK,TAK,1,1,0
YT09224,TAK,TAK,1,1,0
YT09240,TAK,TAK,1,1,0
YT09510,TAK,TAK,1,1,0
YT09511,TAK,TAK,1,1,0
YT09513,TAK,TAK,1,1,0
YT09515,TAK,TAK,1,1,0
YT09516,TAK,TAK,1,1,0
YT09525,TAK,TAK,1,1,0
YT09528,TAK,TAK,1,1,0
YT0953,TAK,TAK,1,1,0
YT09540,TAK,TAK,1,1,0
YT09544,TAK,TAK,1,1,0
YT09545,TAK,TAK,1,1,0
YT09546,TAK,TAK,1,1,0
YT09547,TAK,TAK,1,1,0
YT09564,TAK,TAK,1,1,0
YT09571,TAK,TAK,1,1,0
YT09575,TAK,TAK,1,1,0
YT0959,TAK,TAK,1,1,0
YT0960,TAK,TAK,1,1,0
YT09615,TAK,TAK,1,1,0
YT09620,TAK,TAK,1,1,0
YT09633,TAK,TAK,1,1,0
YT09676,TAK,TAK,1,1,0
YT09715,TAK,TAK,1,1,0
YT09730,TAK,TAK,1,1,0
YT09738,TAK,TAK,1,1,0
YT09739,TAK,TAK,1,1,0
YT0980,TAK,TAK,1,1,0
YT09910,TAK,TAK,1,1,0
YT09912,TAK,TAK,1,1,0
YT09913,TAK,TAK,1,1,0
YT09955,TAK,TAK,1,1,0
YT16000,TAK,TAK,1,1,0
YT17001,TAK,TAK,1,1,0
YT17002,TAK,TAK,1,1,0
YT17003,TAK,TAK,1,1,36
YT17004,TAK,TAK,1,1,0
YT17005,TAK,TAK,1,1,0
YT17006,TAK,TAK,1,1,0
YT17007,TAK,TAK,1,1,0
YT17008,TAK,TAK,1,1,0
YT17009,TAK,TAK,1,1,0
YT1711,TAK,TAK,1,1,0
YT1713,TAK,TAK,1,1,0
YT1720,TAK,TAK,1,1,0
YT17205,TAK,TAK,1,1,0
YT17207,TAK,TAK,1,1,0
YT1721,TAK,TAK,1,1,0
YT17211,TAK,TAK,1,1,0
YT17213,TAK,TAK,1,1,0
YT17214,TAK,TAK,1,1,0
YT18900,TAK,TAK,1,1,0
YT21758,TAK,TAK,1,1,0
YT23241,TAK,TAK,1,1,0
YT23242,TAK,TAK,1,1,0
YT23300,TAK,TAK,1,1,0
YT23305,TAK,TAK,1,1,0
YT23306,TAK,TAK,1,1,0
YT23310,TAK,TAK,1,1,0
YT23311,TAK,TAK,1,1,0
YT23320,TAK,TAK,1,1,0
YT23321,TAK,TAK,1,1,0
YT2346,TAK,TAK,1,1,0
YT23701,TAK,TAK,1,1,0
YT25021,TAK,TAK,1,1,0
YT30436,TAK,TAK,1,1,0
YT30520,TAK,TAK,1,1,0
YT30521,TAK,TAK,1,1,0
YT30522,TAK,TAK,1,1,0
YT3600,TAK,TAK,1,1,0
YT36012,TAK,TAK,1,1,0
YT36013,TAK,TAK,1,1,0
YT3609,TAK,TAK,1,1,0
YT36091,TAK,TAK,1,1,0
YT36092,TAK,TAK,1,1,0
YT36095,TAK,TAK,1,1,0
YT3610,TAK,TAK,1,1,0
YT36112,TAK,TAK,1,1,0
YT36119,TAK,TAK,1,1,0
YT3612,TAK,TAK,1,1,0
YT36125,TAK,TAK,1,1,0
YT36127,TAK,TAK,1,1,0
YT36150,TAK,TAK,1,1,0
YT36171,TAK,TAK,1,1,0
YT36177,TAK,TAK,1,1,0
YT3618,TAK,TAK,2,2,0
YT372160,TAK,TAK,1,1,0
YT372161,TAK,TAK,1,1,0
YT372163,TAK,TAK,1,1,0
YT372164,TAK,TAK,1,1,0
YT372165,TAK,TAK,1,1,0
YT372166,TAK,TAK,1,1,0
YT372167,TAK,TAK,1,1,0
YT372171,TAK,TAK,1,1,0
YT372180,TAK,TAK,1,1,0
YT55556,TAK,TAK,1,1,0
YT55557,TAK,TAK,1,1,0
YT55581,TAK,TAK,1,1,0
YT55584,TAK,TAK,1,1,0
YT55585,TAK,TAK,1,1,0
YT55600,TAK,TAK,1,1,0
YT55801,TAK,TAK,1,1,0
YT55803,TAK,TAK,1,1,0
YT55808,TAK,TAK,1,1,0
YT5901,TAK,TAK,1,1,0
YT5902,TAK,TAK,1,1,0
YT5904,TAK,TAK,1,1,0
YT5905,TAK,TAK,1,1,0
YT72920,TAK,TAK,1,1,0
YT7302,TAK,TAK,1,1,0
YT73030,TAK,TAK,1,1,0
YT73462,TAK,TAK,1,1,0
YT79950,TAK,TAK,1,1,0
YT79951,TAK,TAK,1,1,0
YT79955,TAK,TAK,1,1,0
YT81355,TAK,TAK,1,1,0
YT81357,TAK,TAK,1,1,0
YT81358,TAK,TAK,1,1,0
YT81953,TAK,TAK,1,1,0
YT81956,TAK,TAK,1,1,0
YT81980,TAK,TAK,1,1,0
YT81983,TAK,TAK,1,1,0
YT82001,TAK,TAK,1,1,0
YT82002,TAK,TAK,1,1,0
YT82003,TAK,TAK,1,1,102
YT82004,TAK,TAK,1,1,0
YT82005,TAK,TAK,1,1,0
YT82007,TAK,TAK,1,1,0
YT82015,TAK,TAK,1,1,0
YT82016,TAK,TAK,1,1,0
YT82020,TAK,TAK,1,1,0
YT82021,TAK,TAK,1,1,0
YT82025,TAK,TAK,1,1,0
YT82034,TAK,TAK,1,1,0
YT82035,TAK,TAK,1,1,0
YT82036,TAK,TAK,1,1,0
YT82037,TAK,TAK,1,1,0
YT82038,TAK,TAK,1,1,0
YT82040,TAK,TAK,1,1,0
YT82044,TAK,TAK,1,1,0
YT82045,TAK,TAK,1,1,0
YT82048,TAK,TAK,1,1,0
YT82050,TAK,TAK,1,1,0
YT820500,TAK,TAK,1,1,0
YT820501,TAK,TAK,1,1,0
YT820502,TAK,TAK,1,1,0
YT820507,TAK,TAK,1,1,0
YT82051,TAK,TAK,1,1,0
YT82060,TAK,TAK,1,1,0
YT82070,TAK,TAK,1,1,0
YT82075,TAK,TAK,1,1,0
YT82076,TAK,TAK,1,1,0
YT82077,TAK,TAK,1,1,0
YT82080,TAK,TAK,1,1,0
YT820833,TAK,TAK,1,1,0
YT82089,TAK,TAK,1,1,0
YT82094,TAK,TAK,1,1,0
YT82096,TAK,TAK,1,1,0
YT82097,TAK,TAK,1,1,0
YT82098,TAK,TAK,1,1,0
YT82099,TAK,TAK,1,1,0
YT82100,TAK,TAK,1,1,0
YT82101,TAK,TAK,1,1,0
YT821020,TAK,TAK,1,1,0
YT821021,TAK,TAK,1,1,0
YT821023,TAK,TAK,1,1,0
YT821024,TAK,TAK,1,1,0
YT82105,TAK,TAK,1,1,0
YT82106,TAK,TAK,1,1,0
YT82110,TAK,TAK,1,1,0
YT82115,TAK,TAK,1,1,0
YT82116,TAK,TAK,1,1,0
YT82117,TAK,TAK,1,1,0
YT82118,TAK,TAK,1,1,0
YT82119,TAK,TAK,1,1,0
YT82120,TAK,TAK,1,1,0
YT821210,TAK,TAK,1,1,0
YT82122,TAK,TAK,1,1,0
YT82123,TAK,TAK,1,1,0
YT82125,TAK,TAK,1,1,0
YT82126,TAK,TAK,1,1,0
YT82127,TAK,TAK,1,1,0
YT82129,TAK,TAK,1,1,0
YT82130,TAK,TAK,1,1,0
YT82131,TAK,TAK,1,1,0
YT82132,TAK,TAK,1,1,0
YT82133,TAK,TAK,1,1,0
YT82134,TAK,TAK,1,1,0
YT82135,TAK,TAK,1,1,0
YT82138,TAK,TAK,1,1,0
YT82141,TAK,TAK,1,1,0
YT82144,TAK,TAK,1,1,0
YT82147,TAK,TAK,1,1,0
YT82148,TAK,TAK,1,1,0
YT82151,TAK,TAK,1,1,0
YT82152,TAK,TAK,1,1,0
YT821533,TAK,TAK,1,1,0
YT82154,TAK,TAK,1,1,0
YT82155,TAK,TAK,1,1,0
YT82157,TAK,TAK,1,1,0
YT82158,TAK,TAK,1,1,0
YT821583,TAK,TAK,1,1,0
YT82159,TAK,TAK,1,1,0
YT821591,TAK,TAK,1,1,0
YT821597,TAK,TAK,1,1,0
YT82161,TAK,TAK,1,1,0
YT82163,TAK,TAK,1,1,0
YT82164,TAK,TAK,1,1,0
YT82165,TAK,TAK,1,1,0
YT82168,TAK,TAK,1,1,0
YT82171,TAK,TAK,1,1,0
YT821710,TAK,TAK,1,1,0
YT82172,TAK,TAK,1,1,0
YT821722,TAK,TAK,1,1,0
YT82173,TAK,TAK,1,1,0
YT82174,TAK,TAK,1,1,0
YT82175,TAK,TAK,1,1,0
YT82176,TAK,TAK,1,1,0
YT82181,TAK,TAK,1,1,0
YT82185,TAK,TAK,1,1,0
YT82190,TAK,TAK,1,1,0
YT821901,TAK,TAK,1,1,0
YT821905,TAK,TAK,1,1,0
YT82191,TAK,TAK,1,1,0
YT821915,TAK,TAK,1,1,0
YT821916,TAK,TAK,1,1,0
YT82192,TAK,TAK,1,1,0
YT82194,TAK,TAK,1,1,0
YT82196,TAK,TAK,1,1,0
YT82198,TAK,TAK,1,1,0
YT82200,TAK,TAK,1,1,68
YT82205,TAK,TAK,1,1,0
YT82206,TAK,TAK,1,1,0
YT82207,TAK,TAK,1,1,0
YT82208,TAK,TAK,1,1,0
YT822100,TAK,TAK,1,1,0
YT822103,TAK,TAK,1,1,0
YT822107,TAK,TAK,1,1,0
YT822110,TAK,TAK,1,1,0
YT822112,TAK,TAK,1,1,0
YT82220,TAK,TAK,1,1,0
YT82221,TAK,TAK,1,1,0
YT82223,TAK,TAK,1,1,0
YT82230,TAK,TAK,1,1,0
YT82234,TAK,TAK,1,1,0
YT82240,TAK,TAK,1,1,0
YT82242,TAK,TAK,1,1,0
YT82250,TAK,TAK,1,1,0
YT82251,TAK,TAK,1,1,0
YT82265,TAK,TAK,1,1,0
YT82267,TAK,TAK,1,1,0
YT82273,TAK,TAK,1,1,0
YT82274,TAK,TAK,1,1,0
YT82280,TAK,TAK,1,1,0
YT82281,TAK,TAK,1,1,0
YT82282,TAK,TAK,1,1,0
YT82284,TAK,TAK,1,1,0
YT82288,TAK,TAK,1,1,0
YT82291,TAK,TAK,1,1,0
YT82292,TAK,TAK,1,1,0
YT82293,TAK,TAK,1,1,0
YT82294,TAK,TAK,1,1,0
YT82295,TAK,TAK,1,1,0
YT82296,TAK,TAK,1,1,0
YT82297,TAK,TAK,1,1,0
YT82330,TAK,TAK,1,1,0
YT82340,TAK,TAK,1,1,0
YT82341,TAK,TAK,1,1,0
YT82342,TAK,TAK,1,1,0
YT82350,TAK,TAK,1,1,0
YT82355,TAK,TAK,1,1,128
YT82356,TAK,TAK,1,1,0
YT82375,TAK,TAK,1,1,0
YT82380,TAK,TAK,1,1,0
YT82385,TAK,TAK,1,1,0
YT82389,TAK,TAK,1,1,0
YT82390,TAK,TAK,1,1,0
YT82395,TAK,TAK,1,1,0
YT82398,TAK,TAK,1,1,0
YT82399,TAK,TAK,1,1,0
YT824480,TAK,TAK,1,1,0
YT824482,TAK,TAK,1,1,0
YT824485,TAK,TAK,1,1,0
YT8245,TAK,TAK,1,1,0
YT82455,TAK,TAK,1,1,0
YT82456,TAK,TAK,1,1,0
YT82457,TAK,TAK,1,1,0
YT82458,TAK,TAK,1,1,0
YT82459,TAK,TAK,1,1,0
YT82461,TAK,TAK,1,1,0
YT82462,TAK,TAK,1,1,0
YT82550,TAK,TAK,1,1,0
YT82553,TAK,TAK,1,1,0
YT82560,TAK,TAK,1,1,0
YT82600,TAK,TAK,1,1,0
YT82601,TAK,TAK,1,1,0
YT82604,TAK,TAK,1,1,0
YT82605,TAK,TAK,1,1,0
YT82606,TAK,TAK,1,1,0
YT82607,TAK,TAK,1,1,0
YT82608,TAK,TAK,1,1,0
YT82609,TAK,TAK,1,1,0
YT8271,TAK,TAK,1,1,0
YT8272,TAK,TAK,1,1,0
YT8273,TAK,TAK,1,1,0
YT827533,TAK,TAK,1,1,0
YT82760,TAK,TAK,1,1,0
YT82763,TAK,TAK,1,1,0
YT82765,TAK,TAK,1,1,0
YT82767,TAK,TAK,1,1,0
YT82770,TAK,TAK,1,1,0
YT82772,TAK,TAK,1,1,0
YT827721,TAK,TAK,1,1,0
YT827722,TAK,TAK,1,1,0
YT827723,TAK,TAK,1,1,0
YT827788,TAK,TAK,1,1,0
YT827790,TAK,TAK,1,1,0
YT8277905,TAK,TAK,1,1,0
YT827791,TAK,TAK,1,1,0
YT8277915,TAK,TAK,1,1,0
YT827792,TAK,TAK,1,1,0
YT827793,TAK,TAK,1,1,0
YT8277935,TAK,TAK,1,1,0
YT827795,TAK,TAK,1,1,31
YT82780,TAK,TAK,1,1,0
YT82781,TAK,TAK,1,1,0
YT82782,TAK,TAK,1,1,0
YT827820,TAK,TAK,1,1,0
YT827821,TAK,TAK,1,1,0
YT827822,TAK,TAK,1,1,0
YT82783,TAK,TAK,1,1,0
YT82784,TAK,TAK,1,1,0
YT82786,TAK,TAK,1,1,0
YT82787,TAK,TAK,1,1,0
YT82788,TAK,TAK,1,1,0
YT82789,TAK,TAK,1,1,0
YT82794,TAK,TAK,1,1,0
YT82795,TAK,TAK,1,1,0
YT82796,TAK,TAK,1,1,0
YT82797,TAK,TAK,1,1,0
YT82798,TAK,TAK,1,1,0
YT82799,TAK,TAK,1,1,0
YT82800,TAK,TAK,1,1,0
YT82801,TAK,TAK,1,1,0
YT82802,TAK,TAK,1,1,0
YT828030,TAK,TAK,1,1,0
YT828031,TAK,TAK,1,1,0
YT828033,TAK,TAK,1,1,0
YT828035,TAK,TAK,1,1,0
YT82804,TAK,TAK,1,1,0
YT82805,TAK,TAK,1,1,0
YT82806,TAK,TAK,1,1,0
YT828063,TAK,TAK,1,1,0
YT828064,TAK,TAK,1,1,0
YT828065,TAK,TAK,1,1,0
YT828066,TAK,TAK,1,1,0
YT828067,TAK,TAK,1,1,0
YT828068,TAK,TAK,1,1,0
YT828071,TAK,TAK,1,1,0
YT828072,TAK,TAK,1,1,0
YT828073,TAK,TAK,1,1,0
YT828074,TAK,TAK,1,1,0
YT828075,TAK,TAK,1,1,0
YT828076,TAK,TAK,1,1,0
YT82808,TAK,TAK,1,1,0
YT82809,TAK,TAK,1,1,0
YT82810,TAK,TAK,1,1,0
YT82811,TAK,TAK,1,1,0
YT828118,TAK,TAK,1,1,0
YT8281185,TAK,TAK,1,1,0
YT82812,TAK,TAK,1,1,0
YT82813,TAK,TAK,1,1,0
YT828131,TAK,TAK,1,1,0
YT828132,TAK,TAK,1,1,0
YT828133,TAK,TAK,1,1,0
YT828134,TAK,TAK,1,1,0
YT828135,TAK,TAK,1,1,0
YT828136,TAK,TAK,1,1,0
YT828137,TAK,TAK,2,2,0
YT828138,TAK,TAK,2,2,0
YT82814,TAK,TAK,1,1,0
YT82815,TAK,TAK,1,1,0
YT82816,TAK,TAK,1,1,0
YT82817,TAK,TAK,1,1,0
YT82818,TAK,TAK,1,1,0
YT82819,TAK,TAK,1,1,0
YT82822,TAK,TAK,1,1,0
YT82823,TAK,TAK,1,1,0
YT82824,TAK,TAK,2,2,0
YT828247,TAK,TAK,1,1,0
YT828254,TAK,TAK,1,1,0
YT828255,TAK,TAK,1,1,0
YT828256,TAK,TAK,1,1,0
YT82826,TAK,TAK,1,1,0
YT82827,TAK,TAK,1,1,0
YT82828,TAK,TAK,1,1,0
YT82829,TAK,TAK,1,1,0
YT828293,TAK,TAK,2,2,0
YT828294,TAK,TAK,2,2,0
YT828295,TAK,TAK,2,2,0
YT828296,TAK,TAK,3,3,0
YT82830,TAK,TAK,1,1,0
YT82831,TAK,TAK,1,1,0
YT82832,TAK,TAK,1,1,0
YT82833,TAK,TAK,1,1,0
YT828331,TAK,TAK,1,1,0
YT828332,TAK,TAK,1,1,0
YT828333,TAK,TAK,1,1,0
YT828334,TAK,TAK,1,1,0
YT82834,TAK,TAK,1,1,0
YT82835,TAK,TAK,1,1,0
YT828353,TAK,TAK,1,1,0
YT828355,TAK,TAK,1,1,0
YT828356,TAK,TAK,1,1,0
YT828357,TAK,TAK,1,1,0
YT828358,TAK,TAK,1,1,0
YT828377,TAK,TAK,1,1,44
YT828378,TAK,TAK,1,1,0
YT828380,TAK,TAK,1,1,0
YT828381,TAK,TAK,1,1,0
YT828382,TAK,TAK,1,1,0
YT828383,TAK,TAK,1,1,0
YT828390,TAK,TAK,1,1,129
YT828391,TAK,TAK,1,1,129
YT82853,TAK,TAK,1,1,0
YT82854,TAK,TAK,1,1,0
YT82855,TAK,TAK,1,1,0
YT82877,TAK,TAK,1,1,0
YT82880,TAK,TAK,1,1,0
YT82881,TAK,TAK,1,1,0
YT82886,TAK,TAK,1,1,0
YT82887,TAK,TAK,1,1,0
YT82888,TAK,TAK,1,1,0
YT82889,TAK,TAK,1,1,0
YT82894,TAK,TAK,1,1,0
YT82895,TAK,TAK,1,1,0
YT82900,TAK,TAK,1,1,0
YT82901,TAK,TAK,1,1,0
YT82902,TAK,TAK,1,1,0
YT829021,TAK,TAK,1,1,15
YT82903,TAK,TAK,1,1,0
YT82904,TAK,TAK,1,1,0
YT82920,TAK,TAK,1,1,0
YT82922,TAK,TAK,1,1,0
YT82927,TAK,TAK,1,1,0
YT82929,TAK,TAK,1,1,0
YT82930,TAK,TAK,1,1,0
YT829383,TAK,TAK,1,1,16
YT829385,TAK,TAK,1,1,0
YT82955,TAK,TAK,1,1,0
YT8300,TAK,TAK,1,1,0
YT83003,TAK,TAK,1,1,0
YT8301,TAK,TAK,1,1,0
YT8302,TAK,TAK,1,1,0
YT8303,TAK,TAK,1,1,0
YT83060,TAK,TAK,1,1,0
YT83061,TAK,TAK,1,1,0
YT83090,TAK,TAK,1,1,0
YT83091,TAK,TAK,1,1,0
YT83092,TAK,TAK,1,1,0
YT8311,TAK,TAK,1,1,0
YT84641,TAK,TAK,1,1,0
YT84770,TAK,TAK,1,1,0
YT84790,TAK,TAK,1,1,0
YT84800,TAK,TAK,1,1,0
YT84820,TAK,TAK,1,1,0
YT84840,TAK,TAK,1,1,0
YT84841,TAK,TAK,1,1,0
YT84842,TAK,TAK,1,1,0
YT84860,TAK,TAK,1,1,0
YT84868,TAK,TAK,1,1,0
YT84870,TAK,TAK,1,1,0
YT84871,TAK,TAK,1,1,0
YT84872,TAK,TAK,1,1,0
YT84877,TAK,TAK,1,1,0
YT84893,TAK,TAK,1,1,0
YT84901,TAK,TAK,1,1,0
YT84910,TAK,TAK,1,1,0
YT84990,TAK,TAK,1,1,0
YT85001,TAK,TAK,1,1,0
YT85003,TAK,TAK,1,1,182
YT85010,TAK,TAK,1,1,0
YT85013,TAK,TAK,1,1,0
YT85014,TAK,TAK,1,1,0
YT85015,TAK,TAK,1,1,0
YT85017,TAK,TAK,1,1,0
YT85018,TAK,TAK,1,1,0
YT85019,TAK,TAK,1,1,0
YT85020,TAK,TAK,1,1,0
YT85170,TAK,TAK,1,1,0
YT85171,TAK,TAK,1,1,0
YT85173,TAK,TAK,1,1,0
YT85175,TAK,TAK,1,1,0
YT85176,TAK,TAK,1,1,0
YT85177,TAK,TAK,2,1,33
YT85179,TAK,TAK,1,1,0
YT85180,TAK,TAK,1,1,0
YT85182,TAK,TAK,1,1,0
YT851990,TAK,TAK,1,1,70
YT851991,TAK,TAK,1,1,89
YT851992,TAK,TAK,1,1,109
YT851993,TAK,TAK,1,1,145
YT85200,TAK,TAK,1,1,0
YT85205,TAK,TAK,1,1,0
YT85208,TAK,TAK,1,1,0
YT852081,TAK,TAK,1,1,0
YT852082,TAK,TAK,1,1,0
YT852090,TAK,TAK,1,1,45
YT852091,TAK,TAK,1,1,59
YT852092,TAK,TAK,1,1,59
YT852093,TAK,TAK,1,1,59
YT85220,TAK,TAK,1,1,0
YT85221,TAK,TAK,1,1,0
YT85222,TAK,TAK,1,1,0
YT85223,TAK,TAK,1,1,0
YT85224,TAK,TAK,1,1,0
YT85225,TAK,TAK,1,1,0
YT85230,TAK,TAK,1,1,0
YT85234,TAK,TAK,1,1,0
YT852370,TAK,TAK,1,1,0
YT852371,TAK,TAK,1,1,114
YT85271,TAK,TAK,1,1,0
YT85283,TAK,TAK,1,1,0
YT85286,TAK,TAK,1,1,0
YT85287,TAK,TAK,1,1,0
YT85300,TAK,TAK,1,1,0
YT85301,TAK,TAK,1,1,0
YT85330,TAK,TAK,1,1,0
YT85333,TAK,TAK,1,1,0
YT85341,TAK,TAK,1,1,0
YT85343,TAK,TAK,1,1,0
YT85349,TAK,TAK,1,1,0
YT85350,TAK,TAK,1,1,0
YT85363,TAK,TAK,1,1,0
YT85364,TAK,TAK,1,1,0
YT85370,TAK,TAK,1,1,0
YT85371,TAK,TAK,1,1,0
YT85372,TAK,TAK,1,1,0
YT85401,TAK,TAK,1,1,0
YT85402,TAK,TAK,1,1,0
YT85403,TAK,TAK,1,1,0
YT85421,TAK,TAK,1,1,0
YT85422,TAK,TAK,1,1,0
YT85432,TAK,TAK,1,1,0
YT85434,TAK,TAK,1,1,0
YT85437,TAK,TAK,1,1,0
YT85440,TAK,TAK,1,1,0
YT85451,TAK,TAK,1,1,0
YT85453,TAK,TAK,1,1,0
YT85460,TAK,TAK,1,1,0
YT85481,TAK,TAK,1,1,0
YT85482,TAK,TAK,1,1,0
YT85483,TAK,TAK,1,1,0
YT854837,TAK,TAK,1,1,132
YT85485,TAK,TAK,1,1,0
YT85486,TAK,TAK,1,1,0
YT85520,TAK,TAK,1,1,0
YT85521,TAK,TAK,1,1,0
YT85525,TAK,TAK,1,1,0
YT85528,TAK,TAK,1,1,0
YT85532,TAK,TAK,1,1,0
YT85533,TAK,TAK,1,1,0
YT85537,TAK,TAK,1,1,0
YT85545,TAK,TAK,1,1,0
YT85550,TAK,TAK,1,1,0
YT85551,TAK,TAK,1,1,0
YT85552,TAK,TAK,1,1,0
YT85553,TAK,TAK,1,1,0
YT85554,TAK,TAK,1,1,0
YT85570,TAK,TAK,1,1,0
YT85580,TAK,TAK,1,1,0
YT85590,TAK,TAK,1,1,0
YT85591,TAK,TAK,1,1,0
YT85592,TAK,TAK,1,1,0
YT85600,TAK,TAK,1,1,0
YT85680,TAK,TAK,1,1,0
YT85690,TAK,TAK,1,1,0
YT85691,TAK,TAK,1,1,0
YT85695,TAK,TAK,1,1,0
YT85696,TAK,TAK,1,1,0
YT85700,TAK,TAK,1,1,0
YT85701,TAK,TAK,1,1,0
YT85702,TAK,TAK,1,1,0
YT85710,TAK,TAK,1,1,0
YT85712,TAK,TAK,1,1,0
YT85715,TAK,TAK,1,1,0
YT85716,TAK,TAK,1,1,0
YT85719,TAK,TAK,1,1,0
YT85720,TAK,TAK,1,1,0
YT85800,TAK,TAK,1,1,0
YT85803,TAK,TAK,1,1,0
YT85830,TAK,TAK,1,1,0
YT85850,TAK,TAK,1,1,0
YT85851,TAK,TAK,1,1,0
YT85860,TAK,TAK,1,1,0
YT85861,TAK,TAK,1,1,0
YT85862,TAK,TAK,1,1,0
YT85863,TAK,TAK,1,1,0
YT85864,TAK,TAK,1,1,0
YT85910,TAK,TAK,1,1,0
YT85915,TAK,TAK,1,1,0
YT85930,TAK,TAK,1,1,0
YT86097,TAK,TAK,1,1,0
YT86106,TAK,TAK,1,1,0
YT86115,TAK,TAK,1,1,0
YT86120,TAK,TAK,1,1,0
YT86125,TAK,TAK,1,1,0
YT86139,TAK,TAK,1,1,0
YT86140,TAK,TAK,1,1,0
YT86144,TAK,TAK,1,1,0
YT86150,TAK,TAK,1,1,0
YT86155,TAK,TAK,1,1,0
YT86158,TAK,TAK,1,1,0
YT86160,TAK,TAK,1,1,0
YT86161,TAK,TAK,1,1,0
YT86200,TAK,TAK,1,1,0
YT86211,TAK,TAK,1,1,0
YT86220,TAK,TAK,1,1,0
YT86240,TAK,TAK,1,1,0
YT86300,TAK,TAK,1,1,0
YT86305,TAK,TAK,1,1,0
YT86400,TAK,TAK,1,1,0
YT99500,TAK,TAK,1,1,0
YT99501,TAK,TAK,1,1,0
YT99520,TAK,TAK,1,1,0
YT99530,TAK,TAK,1,1,0
YT99531,TAK,TAK,1,1,0
YT99532,TAK,TAK,1,1,0
YT99536,TAK,TAK,1,1,0
YT99650,TAK,TAK,1,1,0
YT99651,TAK,TAK,1,1,0
YT99690,TAK,TAK,1,1,0
YT99693,TAK,TAK,1,1,0
YT99695,TAK,TAK,1,1,0
YT99700,TAK,TAK,1,1,0
YT99705,TAK,TAK,1,1,0
YT99710,TAK,TAK,1,1,0
YT99720,TAK,TAK,1,1,0
YT99730,TAK,TAK,1,1,0
YT99733,TAK,TAK,1,1,0
YT99738,TAK,TAK,1,1,0
YT99739,TAK,TAK,1,1,0
YT99740,TAK,TAK,1,1,0
YT99743,TAK,TAK,1,1,0
YT99760,TAK,TAK,1,1,0
YT99763,TAK,TAK,1,1,0
