folder,models,model_count,file_count,docx_count,doc_count,pdf_count,image_count,parts_count,status,errors
YT-829021,YT-829021,1,2,1,0,0,1,12,parts-from-docx,
YT-852091 YT-852092 YT-852093 - robot koszący,YT-852091 YT-852092 YT-852093,3,4,1,0,0,3,53,parts-from-docx,
YT-828353,YT-828353,1,1,1,0,0,0,42,parts-from-docx,
YT-829385,YT-829385,1,2,1,0,0,1,40,parts-from-docx,
YT-851990,YT-851990,1,2,1,0,0,1,70,parts-from-docx,
YT-828254 YT-828255 YT-828256,YT-828254 YT-828255 YT-828256,3,2,1,0,0,1,47,parts-from-docx,
YT-829383,YT-829383,1,2,1,0,0,1,16,parts-from-docx,
YT-828390 YT-828391,YT-828390 YT-828391,2,1,1,0,0,0,59,parts-from-docx,
YT-852082,YT-852082,1,2,1,0,0,1,53,parts-from-docx,
YT-828355 YT-828356,YT-828355 YT-828356,2,2,1,0,0,1,38,parts-from-docx,
YT-828382 YT-828383,YT-828382 YT-828383,2,2,1,0,0,1,0,drawing-only,
YT-828296,YT-828296 YT-82824 YT-828294,3,2,0,0,2,0,0,drawing-only,
YT-828251 YT-828252 YT-828253,YT-828251 YT-828252 YT-828253,3,2,1,0,0,1,39,parts-from-docx,
YT-852371,YT-852371,1,2,1,0,0,1,104,parts-from-docx,
YT-851992,YT-851992,1,2,1,0,0,1,109,parts-from-docx,
YT-828357 YT-828358,YT-828357 YT-828358,2,2,1,0,0,1,19,parts-from-docx,
YT-828377 YT-828378,YT-828377 YT-828378,2,2,1,0,0,1,44,parts-from-docx,
YT-852370,YT-852370,1,2,1,0,0,1,71,parts-from-docx,
YT-851993,YT-851993,1,2,1,0,0,1,136,parts-from-docx,
YT-85600 - ogrodówka spalinowa 2024-2025,YT-85600,1,8,0,0,0,8,0,drawing-only,
YT-828113 YT-828114,YT-828113 YT-828114,2,2,1,0,0,1,41,parts-from-docx,
YT-828331 YT-828332,YT-828331 YT-828332,2,1,1,0,0,0,45,parts-from-docx,
YT-828135 YT-828136,YT-828135 YT-828136,2,1,1,0,0,0,40,parts-from-docx,
YT-851991,YT-851991,1,2,1,0,0,1,89,parts-from-docx,
YT-828137 YT-828138,YT-828137 YT-828138 828137,3,2,1,0,0,1,74,parts-from-docx,
YT-852090 - robot koszący,YT-852090,1,3,1,0,0,2,45,parts-from-docx,
YT-828333 YT-828334,YT-828333 YT-828334,2,1,1,0,0,0,9,parts-from-docx,
YT-828293 YT-828294 YT-828295,YT-828293 YT-828294 YT-828295,3,3,3,0,0,0,43,parts-from-docx,
YT-852081,YT-852081,1,2,1,0,0,1,36,parts-from-docx,
YT-822110,YT-822110,1,2,1,0,0,1,0,drawing-only,
YT-828380 YT-828381,YT-828380 YT-828381,2,2,1,0,0,1,46,parts-from-docx,
YT-828066 YT-828067 YT-828068,YT-828066 YT-828067 YT-828068,3,3,1,0,0,2,37,parts-from-docx,
YT-827533,YT-827533,1,2,1,0,0,1,29,parts-from-docx,
YT-827721 YT-827722 YT-827723,YT-827721 YT-827722 YT-827723,3,2,1,0,0,1,98,parts-from-docx,
YT-828030 YT-828031,YT-828030 YT-828031,2,2,1,0,0,1,39,parts-from-docx,
YT-828337,YT-828337,1,2,1,0,0,1,0,drawing-only,
YT-828071 YT-828072,YT-828071 YT-828072,2,1,1,0,0,0,24,parts-from-docx,
YT-827788 YT-827790 YT-8277905,YT-827788 YT-827790,2,4,1,0,0,3,20,parts-from-docx,
YT-824485,YT-824485,1,1,1,0,0,0,0,empty,
YT-824480,YT-824480,1,1,1,0,0,0,0,empty,
YT-827791 YT-8277915,YT-827791,1,4,1,0,0,3,4,parts-from-docx,
YT-828033,YT-828033,1,3,1,0,0,2,45,parts-from-docx,
YT-828131 YT-828132,YT-828131 YT-828132,2,1,1,0,0,0,78,parts-from-docx,
YT-821597,YT-821597,1,2,1,0,0,1,129,parts-from-docx,
"YT-827820, YT-827821, YT-827822",YT-827820 YT-827821 YT-827822,3,2,1,0,0,1,20,parts-from-docx,
YT-828133 YT-828134,YT-828133 YT-828134,2,1,1,0,0,0,59,parts-from-docx,
YT-827793 YT-8277935,YT-827793,1,4,1,0,0,3,36,parts-from-docx,
YT-827792 YT-8277925,YT-827792,1,2,1,0,0,1,33,parts-from-docx,
YT-827724 YT-827725 YT-827726,YT-827724 YT-827725 YT-827726,3,2,1,0,0,1,97,parts-from-docx,
YT-821905,YT-821905,1,2,1,0,0,1,55,parts-from-docx,
YT-828073 YT-828074,YT-828073 YT-828074,2,1,1,0,0,0,39,parts-from-docx,
YT-822112,YT-822112,1,2,1,0,0,1,0,drawing-only,
YT-824482,YT-824482,1,2,1,0,0,1,0,drawing-only,
YT-821901,YT-821901,1,2,1,0,0,1,23,parts-from-docx,
YT-828118 YT-8281185,YT-828118,1,2,1,0,0,1,56,parts-from-docx,
YT-822107,YT-822107,1,2,1,0,0,1,0,drawing-only,
YT-828075 YT-828076,YT-828075 YT-828076,2,1,1,0,0,0,50,parts-from-docx,
YT-828035,YT-828035,1,3,1,0,0,2,49,parts-from-docx,
YT-827795,YT-827795,1,2,1,0,0,1,31,parts-from-docx,
YT-821732,YT-821732,1,2,1,0,0,1,146,parts-from-docx,
YT-822100,YT-822100,1,2,1,0,0,1,0,drawing-only,
YT-828063 YT-828064 YT-828065,YT-828063 YT-828064 YT-828065,3,3,1,0,0,2,37,parts-from-docx,
YT-822103,YT-822103,1,2,1,0,0,1,0,drawing-only,
YT-821583,YT-821583,1,2,1,0,0,1,90,parts-from-docx,
YT-821915 YT-821916,YT-821915 YT-821916,2,3,1,0,0,2,24,parts-from-docx,
YT-821533,YT-821533,1,2,1,0,0,1,1,parts-from-docx,
YT-821710,YT-821710,1,2,1,0,0,1,145,parts-from-docx,
YT-820507,YT-820507,1,2,1,0,0,1,104,parts-from-docx,
YT-372163 YT-372164 YT-372165,YT-372163 YT-372164 YT-372165,3,2,1,0,0,1,19,parts-from-docx,
YT-821591,YT-821591,1,1,1,0,0,0,87,parts-from-docx,
YT-821722,YT-821722,1,2,1,0,0,1,123,parts-from-docx,
YT-821021,YT-821021,1,2,1,0,0,1,0,drawing-only,
YT-820500,YT-820500,1,2,1,0,0,1,63,parts-from-docx,
YT-821023,YT-821023,1,1,1,0,0,0,58,parts-from-docx,
YT-821020,YT-821020,1,2,1,0,0,1,46,parts-from-docx,
YT-821024,YT-821024,1,1,1,0,0,0,1,parts-from-docx,
YT-821210,YT-821210,1,2,1,0,0,1,91,parts-from-docx,
YT-820501,YT-820501,1,2,1,0,0,1,91,parts-from-docx,
YT-99743,YT-99743,1,1,1,0,0,0,0,empty,
YT-820833,YT-820833,1,2,1,0,0,1,1,parts-from-docx,
YT-372171,YT-372171,1,2,1,0,0,1,18,parts-from-docx,
YT-99700,YT-99700,1,1,1,0,0,0,21,parts-from-docx,
YT-820502,YT-820502 YT-520502,2,2,1,0,0,1,80,parts-from-docx,
YT-372166 YT-372167,YT-372166 YT-372167,2,2,1,0,0,1,27,parts-from-docx,
YT-99651,YT-99651,1,1,1,0,0,0,49,parts-from-docx,
YT-372160 YT-372161,YT-372160 YT-372161,2,2,1,0,0,1,28,parts-from-docx,
YT-99763,YT-99763,1,2,1,0,0,1,68,parts-from-docx,
YT-99720,YT-99720,1,1,1,0,0,0,22,parts-from-docx,
YT-99532,YT-99532,1,2,1,0,0,1,1,parts-from-docx,
YT-99730,YT-99730,1,1,1,0,0,0,28,parts-from-docx,
YT-99520,YT-99520,1,2,1,0,0,1,0,drawing-only,
YT-99760,YT-99760,1,2,1,0,0,1,68,parts-from-docx,
YT-99690,YT-99690,1,2,1,0,0,1,0,drawing-only,
YT-99536,YT-99536,1,2,1,0,0,1,0,drawing-only,
YT-372180,YT-372180,1,2,1,0,0,1,20,parts-from-docx,
YT-86220,YT-86220,1,2,1,0,0,1,30,parts-from-docx,
YT-99531,YT-99531,1,2,1,0,0,1,0,drawing-only,
YT-99738,YT-99738,1,2,1,0,0,1,0,drawing-only,
YT-99710,YT-99710,1,1,1,0,0,0,23,parts-from-docx,
YT-99739,YT-99739,1,2,1,0,0,1,0,drawing-only,
YT-86240,YT-86240,1,3,1,0,0,2,47,parts-from-docx,
YT-86161,YT-86161,1,3,2,0,0,1,69,parts-from-docx,
YT-99740,YT-99740,1,1,1,0,0,0,0,empty,
YT-86400,YT-86400,1,6,0,0,0,6,0,drawing-only,
YT-99733,YT-99733,1,1,1,0,0,0,30,parts-from-docx,
YT-99530,YT-99530,1,2,1,0,0,1,1,parts-from-docx,
YT-99705,YT-99705,1,1,1,0,0,0,21,parts-from-docx,
YT-99650,YT-99650,1,1,1,0,0,0,53,parts-from-docx,
YT-99695,YT-99695,1,1,1,0,0,0,0,empty,
YT-99500,YT-99500,1,2,1,0,0,1,0,drawing-only,
YT-99501,YT-99501,1,2,1,0,0,1,0,drawing-only,
YT-86160,YT-86160,1,3,2,0,0,1,66,parts-from-docx,
YT-86150,YT-86150,1,3,2,0,0,1,65,parts-from-docx,
YT-86211,YT-86211,1,1,0,1,0,0,0,empty,
YT-86200,YT-86200,1,2,0,1,0,1,0,drawing-only,
YT-86115,YT-86115,1,2,2,0,0,0,99,parts-from-docx,
YT-86140,YT-86140,1,1,1,0,0,0,23,parts-from-docx,
YT-86106,YT-86106,1,2,1,0,0,1,12,parts-from-docx,
YT-86158,YT-86158,1,2,1,0,0,1,22,parts-from-docx,
YT-86155,YT-86155,1,2,2,0,0,0,19,parts-from-docx,
YT-86144,YT-86144,1,2,1,0,0,1,0,drawing-only,
YT-99693,YT-99693,1,2,1,0,0,1,0,drawing-only,
YT-85862,YT-85862,1,8,1,0,0,7,42,parts-from-docx,
YT-85910,YT-85910 85910,2,3,0,1,0,2,0,drawing-only,
YT-86120,YT-86120,1,2,1,0,0,1,87,parts-from-docx,
YT-85915,YT-85915,1,2,0,1,0,1,0,drawing-only,
YT-86139,YT-86139,1,2,2,0,0,0,123,parts-from-docx,
YT-86125,YT-86125,1,1,1,0,0,0,121,parts-from-docx,
YT-85720,YT-85720,1,2,1,0,0,1,51,parts-from-docx,
YT-85861,YT-85861,1,2,1,0,0,1,9,parts-from-docx,
YT-85860,YT-85860,1,8,1,0,0,7,41,parts-from-docx,
YT-85930,YT-85930,1,2,1,0,0,1,1,parts-from-docx,
YT-85712,YT-85712,1,2,1,0,0,1,32,parts-from-docx,
YT-86097,YT-86097,1,2,1,0,0,1,36,parts-from-docx,
YT-85592 - ogrodówka spalinowa 2024-2025,YT-85592,1,1,1,0,0,0,2,parts-from-docx,
YT-85851,YT-85851,1,19,1,0,0,18,20,parts-from-docx,
YT-85850,YT-85850,1,16,0,0,0,16,0,drawing-only,
YT-85800,YT-85800,1,1,1,0,0,0,44,parts-from-docx,
YT-85803,YT-85803,1,1,1,0,0,0,40,parts-from-docx,
YT-85591 - ogrodówka spalinowa 2024-2025,YT-85591,1,1,1,0,0,0,2,parts-from-docx,
YT-85537 - ogrodówka spalinowa 2024-2025,YT-85537,1,1,0,0,0,1,0,drawing-only,
YT-85590 - ogrodówka spalinowa 2024-2025,YT-85590,1,0,0,0,0,0,0,empty,
YT-85851 - ogrodówka spalinowa 2024-2025,YT-85851,1,19,0,0,0,18,0,drawing-only,
YT-85710,YT-85710,1,2,1,0,0,1,66,parts-from-docx,
YT-85716,YT-85716,1,1,1,0,0,0,72,parts-from-docx,
YT-85715,YT-85715 85715,2,3,1,0,0,2,74,parts-from-docx,
YT-85719,YT-85719,1,2,1,0,0,1,39,parts-from-docx,
YT-85863,YT-85863,1,2,1,0,0,1,38,parts-from-docx,
YT-85830,YT-85830,1,83,0,0,0,83,0,drawing-only,
YT-85700,YT-85700,1,2,1,0,0,1,48,parts-from-docx,
YT-85545 - ogrodówka spalinowa 2024-2025,YT-85545,1,1,0,0,0,1,0,drawing-only,
YT-85570 - ogrodówka spalinowa 2024-2025,YT-85570,1,1,1,0,0,0,2,parts-from-docx,
YT-85680,YT-85680,1,1,1,0,0,0,1,parts-from-docx,
YT-85702,YT-85702,1,2,1,0,0,1,20,parts-from-docx,
YT-85528 - ogrodówka spalinowa 2024-2025,YT-85528,1,2,0,0,0,1,0,drawing-only,
YT-85552,YT-85552,1,6,0,0,0,6,0,drawing-only,
YT-85580 - ogrodówka spalinowa 2024-2025,YT-85580,1,0,0,0,0,0,0,empty,
YT-85401,YT-85401,1,23,1,1,0,20,132,parts-from-docx,
YT-85690 YT-85691,YT-85690 YT-85691,2,2,1,0,0,1,23,parts-from-docx,
YT-85520 - ogrodówka spalinowa 2024-2025,YT-85520,1,1,1,0,0,0,51,parts-from-docx,
YT-85485,YT-85485,1,4,1,0,0,2,152,parts-from-docx,
YT-85553,YT-85553,1,8,1,0,0,7,18,parts-from-docx,
YT-85349,YT-85349,1,6,2,0,3,1,25,parts-from-docx,
YT-85370,YT-85370 85370,2,7,1,2,1,2,58,parts-from-docx,
YT-85402,YT-85402,1,5,1,1,0,3,133,parts-from-docx,
YT-83061,YT-83061,1,3,1,1,1,0,25,parts-from-docx,
YT-84861,YT-84861,1,9,2,0,1,3,1,parts-from-docx,
YT-83052,YT-83052,1,7,1,1,0,5,43,parts-from-docx,
YT-82900,YT-82900 82900,2,6,1,2,2,1,29,parts-from-docx,
YT-82877,YT-82877,1,4,2,0,0,1,51,parts-from-docx,
YT-85533 - ogrodówka spalinowa 2024-2025,YT-85533,1,3,0,0,1,1,0,drawing-only,
YT-82922,YT-82922,1,3,2,0,0,0,31,parts-from-docx,
YT-82782 & YT-82783 & YT-82784,YT-82782 YT-82783 YT-82784 82783 82784 82782,6,6,3,1,0,2,59,parts-from-docx,
YT-82930,YT-82930 82930,2,7,1,3,2,1,21,parts-from-docx,
YT-84971,YT-84971,1,1,0,0,0,1,0,drawing-only,
YT-85554,YT-85554,1,2,1,0,0,1,36,parts-from-docx,
YT-82853,YT-82853 82853,2,6,1,3,2,0,33,parts-from-docx,
YT-85179,YT-85179,1,3,1,0,1,0,31,parts-from-docx,
YT-82929,YT-82929,1,5,2,0,1,1,25,parts-from-docx,
YT-85191,YT-85191,1,5,2,0,1,1,97,parts-from-docx,
YT-82955 YT-82956,YT-82955 YT-82956,2,4,0,1,1,0,0,drawing-only,
YT-85180,YT-85180,1,4,2,1,0,1,26,parts-from-docx,
YT-85343,YT-85343,1,5,2,0,1,1,33,parts-from-docx,
YT-85200,YT-85200,1,5,2,0,1,2,71,parts-from-docx,
YT-82927,YT-82927,1,4,1,0,1,1,44,parts-from-docx,
YT-84871,YT-84871,1,4,1,0,1,0,0,drawing-only,
YT-85364,YT-85364,1,5,2,0,1,1,75,parts-from-docx,
YT-85701,YT-85701,1,2,1,0,0,1,50,parts-from-docx,
YT-82804 & YT-82805,YT-82804 YT-82805 82804,3,8,1,3,2,2,46,parts-from-docx,
YT-85171 YT-82172,YT-85171 YT-82172,2,3,1,0,1,0,1,parts-from-docx,
YT-84990,YT-84990,1,5,2,0,2,1,42,parts-from-docx,
YT-82611,YT-82611,1,3,1,0,1,0,46,parts-from-docx,
YT-82894 & YT-82895,YT-82894 YT-82895,2,7,3,0,0,3,57,parts-from-docx,
YT-82458,YT-82458 82458,2,10,2,0,3,1,41,parts-from-docx,
YT-85170,YT-85170,1,8,3,0,3,2,30,parts-from-docx,
YT-85525 - ogrodówka spalinowa 2024-2025,YT-85525,1,2,1,0,0,1,1,parts-from-docx,
YT-82459,YT-82459,1,8,2,0,2,1,25,parts-from-docx,
YT-82600,YT-82600,1,2,2,0,0,0,32,parts-from-docx,
YT-85372,YT-85372,1,5,2,0,1,1,82,parts-from-docx,
YT-84901,YT-84901 84901,2,14,2,0,7,5,198,parts-from-docx,
YT-82902,YT-82902,1,3,2,0,1,0,17,parts-from-docx,
YT-82901,YT-82901 82901,2,5,3,0,1,1,19,parts-from-docx,
YT-82816 & YT-82817,YT-82816 YT-82817,2,4,2,1,0,0,148,parts-from-docx,
YT-82456,YT-82456,1,8,2,0,2,1,27,parts-from-docx,
YT-82800 & YT-82801,YT-82800 YT-82801 82800 82801,4,9,2,3,2,2,55,parts-from-docx,
YT-85550,YT-85550,1,7,0,0,0,7,0,drawing-only,
YT-82880 & YT-82881,YT-82880 YT-82881,2,7,3,0,1,1,43,parts-from-docx,
YT-85341,YT-85341 85341,2,8,3,0,2,1,30,parts-from-docx,
YT-82550,YT-82550,1,2,2,0,0,0,36,parts-from-docx,
YT-82461,YT-82461,1,3,1,0,1,1,1,parts-from-docx,
YT-82292,YT-82292,1,5,2,1,1,1,25,parts-from-docx,
YT-85017_YT-85018,YT-85017 YT-85018,2,7,3,0,2,1,38,parts-from-docx,
YT-82296,YT-82296,1,5,1,1,1,0,34,parts-from-docx,
YT-82770,YT-82770 82770,2,4,1,2,0,1,80,parts-from-docx,
YT-85421,YT-85421 85421,2,3,1,1,1,0,200,parts-from-docx,
YT-82356,YT-82356,1,4,2,0,0,1,123,parts-from-docx,
YT-82294,YT-82294,1,6,2,0,1,1,29,parts-from-docx,
YT-82297,YT-82297,1,6,2,0,2,1,29,parts-from-docx,
YT-82455,YT-82455 82455,2,6,1,3,0,2,33,parts-from-docx,
YT-85019_YT-85020,YT-85019 YT-85020,2,7,3,0,2,1,39,parts-from-docx,
YT-83051,YT-83051,1,8,1,1,0,6,43,parts-from-docx,
YT-85403,YT-85403,1,3,1,1,0,1,133,parts-from-docx,
YT-85015,YT-85015,1,4,1,1,1,1,41,parts-from-docx,
YT-82788 & YT-82789,YT-82788 YT-82789 82788 82789,4,8,2,3,1,2,64,parts-from-docx,
YT-82291,YT-82291 82291,2,6,2,2,1,1,23,parts-from-docx,
YT-82274,YT-82274,1,5,1,1,2,0,53,parts-from-docx,
YT-85532 - ogrodówka spalinowa 2024-2025,YT-85532,1,4,1,0,1,1,91,parts-from-docx,
YT-82350,YT-82350 82350,2,7,3,0,1,3,168,parts-from-docx,
YT-85551,YT-85551,1,8,2,0,0,6,20,parts-from-docx,
YT-82230,YT-82230,1,3,1,1,1,0,41,parts-from-docx,
YT-82763,YT-82763,1,2,1,0,1,0,13,parts-from-docx,
YT-82196,YT-82196,1,5,1,1,1,1,51,parts-from-docx,
YT-82273,YT-82273,1,6,2,0,1,1,105,parts-from-docx,
YT-82200,YT-82200,1,4,0,1,1,1,0,drawing-only,
YT-82385,YT-82385 230825,2,3,1,0,1,0,99,parts-from-docx,
YT-82175,YT-82175 180926,2,3,1,0,1,0,175,parts-from-docx,
YT-85005,YT-85005,1,7,2,0,1,2,87,parts-from-docx,
YT-82191,YT-82191,1,6,2,0,1,1,39,parts-from-docx,
YT-85333,YT-85333,1,5,2,0,1,1,31,parts-from-docx,
YT-82176,YT-82176,1,4,2,0,1,1,230,parts-from-docx,
YT-82190,YT-82190,1,3,1,1,0,1,20,parts-from-docx,
YT-84872,YT-84872,1,3,1,0,1,0,103,parts-from-docx,
YT-85371,YT-85371,1,5,2,0,1,1,72,parts-from-docx,
YT-82185,YT-82185,1,3,2,0,0,1,96,parts-from-docx,
YT-82380,YT-82380,1,5,1,1,1,1,70,parts-from-docx,
YT-82208,YT-82208,1,5,2,0,1,1,41,parts-from-docx,
YT-82903,YT-82903 82903,2,5,3,0,1,1,15,parts-from-docx,
YT-82802,YT-82802,1,4,1,1,0,0,4,parts-from-docx,
YT-84868,YT-84868,1,4,1,0,1,0,1,parts-from-docx,
YT-82280,YT-82280,1,2,1,1,0,0,112,parts-from-docx,
YT-82194,YT-82194,1,4,1,0,1,0,74,parts-from-docx,
YT-85013_YT-85014,YT-85013 YT-85014,2,8,3,0,3,1,59,parts-from-docx,
YT-82192,YT-82192,1,4,1,0,1,0,63,parts-from-docx,
YT-85222 & YT-85223,YT-85222 YT-85223 11082 11017,4,8,3,0,3,0,175,parts-from-docx,
YT-84870,YT-84870,1,5,2,0,2,0,88,parts-from-docx,
YT-82173,YT-82173 180926,2,3,1,0,1,0,151,parts-from-docx,
YT-82141,YT-82141,1,3,1,1,1,0,69,parts-from-docx,
YT-82158,YT-82158,1,5,1,1,1,0,101,parts-from-docx,
YT-82138,YT-82138,1,5,1,0,3,1,7,parts-from-docx,
YT-82152,YT-82152,1,5,2,0,2,0,69,parts-from-docx,
YT-82135,YT-82135 82135,2,3,2,0,0,1,169,parts-from-docx,
YT-82147,YT-82147,1,4,1,0,1,0,184,parts-from-docx,
YT-82780 & YT-82781,YT-82780 YT-82781,2,5,2,1,0,2,59,parts-from-docx,
YT-82133,YT-82133 82133,2,5,3,0,1,1,73,parts-from-docx,
YT-82118,YT-82118,1,3,1,0,1,0,108,parts-from-docx,
YT-82281,YT-82281,1,5,1,1,1,1,79,parts-from-docx,
YT-82174,YT-82174 180926,2,4,1,0,2,0,152,parts-from-docx,
YT-85301,YT-85301,1,5,2,0,0,1,101,parts-from-docx,
YT-82451,YT-82451,1,4,2,0,1,1,16,parts-from-docx,
YT-83096,YT-83096,1,1,1,0,0,0,13,parts-from-docx,
YT-82904,YT-82904,1,4,2,0,1,1,28,parts-from-docx,
YT-82070,YT-82070 82070,2,4,1,1,1,1,48,parts-from-docx,
YT-82282,YT-82282,1,5,2,0,1,1,37,parts-from-docx,
YT-84800,YT-84800,1,5,2,0,1,0,93,parts-from-docx,
YT-82101,YT-82101,1,3,2,0,1,0,57,parts-from-docx,
YT-84790,YT-84790 YT-84780,2,4,2,0,1,0,160,parts-from-docx,
YT-84893,YT-84893 84893,2,3,1,0,0,1,149,parts-from-docx,
YT-85483,YT-85483,1,1,1,0,0,0,130,parts-from-docx,
YT-85330,YT-85330,1,6,2,0,1,1,31,parts-from-docx,
YT-82048,YT-82048,1,3,1,0,1,0,1,parts-from-docx,
YT-82168,YT-82168,1,5,1,0,1,1,113,parts-from-docx,
YT-82457,YT-82457 82457,2,9,2,0,2,2,27,parts-from-docx,
YT-84820,YT-84820,1,18,4,0,14,0,174,parts-from-docx,
YT-85482,YT-85482,1,4,2,0,2,0,100,parts-from-docx,
YT-85010,YT-85010 85010,2,7,2,0,2,1,73,parts-from-docx,
YT-82834 & YT-82835,YT-82834 YT-82835,2,3,2,1,0,0,58,parts-from-docx,
YT-82265,YT-82265 160154,2,3,1,0,1,0,3,parts-from-docx,
YT-82806 & YT-82807 & YT-828061,YT-82806 YT-82807 YT-828061,3,7,2,1,2,1,42,parts-from-docx,
YT-85286,YT-85286 110755 240115 240116,4,10,3,0,3,2,57,parts-from-docx,
YT-82060,YT-82060,1,4,1,1,0,0,59,parts-from-docx,
YT-82100,YT-82100,1,3,1,1,1,0,52,parts-from-docx,
YT-82005,YT-82005 250530,2,6,2,0,2,1,104,parts-from-docx,
YT-82796 & YT-82797,YT-82796 YT-82797 82797 82796,4,7,2,2,1,2,65,parts-from-docx,
YT-82172,YT-82172 180926,2,4,2,0,1,0,150,parts-from-docx,
YT-82267,YT-82267,1,3,1,0,1,0,102,parts-from-docx,
YT-84910,YT-84910,1,11,1,0,5,5,183,parts-from-docx,
YT-82151,YT-82151 180921,2,5,2,0,2,0,88,parts-from-docx,
YT-85521 - ogrodówka spalinowa 2024-2025,YT-85521,1,3,1,0,1,0,1,parts-from-docx,
YT-82123,YT-82123,1,3,0,1,1,1,0,drawing-only,
YT-82818 & YT-82819,YT-82818 YT-82819 82819 82818,4,7,2,3,1,1,44,parts-from-docx,
YT-82075&YT-82076,YT-82075 YT-82076 014020,3,4,1,0,2,0,0,drawing-only,
YT-82025,YT-82025,1,3,1,0,1,0,53,parts-from-docx,
YT-82163,YT-82163,1,5,2,0,0,2,47,parts-from-docx,
YT-82223,YT-82223 82223,2,5,1,1,1,2,59,parts-from-docx,
YT-85205,YT-85205,1,4,2,0,1,1,97,parts-from-docx,
YT-85481,YT-85481,1,5,2,0,1,1,74,parts-from-docx,
YT-82389,YT-82389,1,5,2,0,1,1,125,parts-from-docx,
YT-82034,YT-82034 82034,2,4,1,1,1,1,42,parts-from-docx,
YT-82050,YT-82050,1,4,1,1,1,1,42,parts-from-docx,
YT-82044,YT-82044 82044,2,4,1,1,1,1,71,parts-from-docx,
YT-82002,YT-82002 82002,2,6,1,1,1,2,97,parts-from-docx,
YT-82794 & YT-82795,YT-82794 YT-82795 82794 82795,4,8,2,3,1,2,59,parts-from-docx,
YT-84860,YT-84860,1,6,2,0,1,3,175,parts-from-docx,
YT-81980,YT-81980 81980,2,6,3,0,1,1,79,parts-from-docx,
YT-81953,YT-81953,1,3,2,0,0,0,67,parts-from-docx,
YT-81401,YT-81401,1,5,2,0,1,1,34,parts-from-docx,
YT-82015,YT-82015 041006,2,4,1,1,1,0,91,parts-from-docx,
YT-81956,YT-81956 022004,2,5,2,0,1,1,64,parts-from-docx,
YT-81400,YT-81400,1,5,2,0,1,1,26,parts-from-docx,
YT-81382,YT-81382,1,5,2,0,1,1,19,parts-from-docx,
YT-81420,YT-81420,1,5,2,0,1,1,21,parts-from-docx,
YT-81358,YT-81358,1,4,2,0,1,0,43,parts-from-docx,
YT-85453,YT-85453 YT-85451,2,4,2,0,0,1,125,parts-from-docx,
YT-82115,YT-82115 82115,2,4,1,1,1,1,106,parts-from-docx,
YT-81380,YT-81380,1,5,2,0,1,1,17,parts-from-docx,
YT-82165,YT-82165,1,3,1,0,1,0,156,parts-from-docx,
YT-82355,YT-82355,1,6,1,1,1,1,44,parts-from-docx,
YT-82125,YT-82125 82125,2,4,1,1,1,1,104,parts-from-docx,
YT-85283,YT-85283,1,7,2,0,2,1,59,parts-from-docx,
YT-82855,YT-82855 82855,2,6,1,3,2,0,33,parts-from-docx,
YT-55600,YT-55600,1,3,1,1,0,1,51,parts-from-docx,
YT-55585,YT-55585 07305,2,7,3,0,1,2,54,parts-from-docx,
YT-82134,YT-82134,1,3,1,0,1,0,0,drawing-only,
YT-36177,YT-36177,1,4,2,0,1,1,62,parts-from-docx,
YT-55556,YT-55556,1,3,1,1,1,0,35,parts-from-docx,
YT-72920,YT-72920,1,4,2,0,1,1,33,parts-from-docx,
YT-55557,YT-55557,1,2,1,0,0,1,14,parts-from-docx,
YT-30522,YT-30522,1,6,2,0,2,1,17,parts-from-docx,
YT-55581,YT-55581,1,7,1,2,2,2,23,parts-from-docx,
YT-36091,YT-36091,1,3,1,0,1,0,45,parts-from-docx,
YT-36092,YT-36092,1,4,1,1,1,1,45,parts-from-docx,
YT-36171,YT-36171,1,5,1,2,0,2,56,parts-from-docx,
YT-30521,YT-30521,1,6,2,0,2,1,16,parts-from-docx,
YT-36112,YT-36112,1,4,2,0,1,1,33,parts-from-docx,
"YT-82790, YT-82791, YT-82792",YT-82790 YT-82791 YT-82792 60202,4,5,1,0,2,0,4,parts-from-docx,
YT-82288,YT-82288,1,4,1,1,1,1,23,parts-from-docx,
YT-82130,YT-82130,1,3,1,1,0,1,122,parts-from-docx,
YT-82020,YT-82020,1,3,2,0,0,1,39,parts-from-docx,
YT-36150,YT-36150,1,3,1,0,1,0,30,parts-from-docx,
YT-84970,YT-84970,1,1,0,0,0,1,0,drawing-only,
YT-23701,YT-23701,1,4,1,1,1,1,24,parts-from-docx,
YT-17213,YT-17213,1,4,1,1,1,1,50,parts-from-docx,
YT-79955,YT-79955,1,6,2,0,2,1,98,parts-from-docx,
YT-82132,YT-82132,1,2,1,0,0,0,9,parts-from-docx,
YT-23306 YT-23311,YT-23306 YT-23311,2,8,4,1,1,1,95,parts-from-docx,
YT-84770,YT-84770 84770,2,3,1,0,0,1,63,parts-from-docx,
YT-21758,YT-21758,1,3,1,0,1,0,46,parts-from-docx,
YT-82181,YT-82181,1,3,2,0,0,1,94,parts-from-docx,
YT-30520,YT-30520,1,6,2,0,2,1,15,parts-from-docx,
YT-84797,YT-84797,1,6,2,0,1,2,71,parts-from-docx,
YT-82206,YT-82206,1,4,2,0,1,0,88,parts-from-docx,
YT-83101,YT-83101 83101,2,4,1,2,1,0,10,parts-from-docx,
YT-82888 & YT-82889,YT-82888 YT-82889,2,5,3,0,0,0,29,parts-from-docx,
YT-82798 YT-82799,YT-82798 YT-82799,2,5,2,0,1,0,48,parts-from-docx,
YT-36119,YT-36119,1,4,1,1,1,1,52,parts-from-docx,
YT-83060,YT-83060,1,3,1,1,1,0,23,parts-from-docx,
YT-85230,YT-85230,1,4,1,1,1,0,31,parts-from-docx,
YT-82045,YT-82045,1,3,1,0,1,0,77,parts-from-docx,
YT-82119,YT-82119,1,4,2,0,1,1,139,parts-from-docx,
YT-82106,YT-82106,1,3,1,0,1,0,69,parts-from-docx,
YT-82375,YT-82375,1,5,2,0,1,1,67,parts-from-docx,
YT-83090_YT-83091_YT-83092,YT-83090 YT-83091 YT-83092,3,3,3,0,0,0,219,parts-from-docx,
YT-85440,YT-85440,1,3,2,1,0,0,168,parts-from-docx,
YT-85004,YT-85004,1,7,2,0,1,2,214,parts-from-docx,
YT-18900,YT-18900,1,4,2,0,1,1,34,parts-from-docx,
YT-73030,YT-73030,1,3,1,1,0,1,2,parts-from-docx,
YT-82767,YT-82767,1,6,2,0,2,1,44,parts-from-docx,
YT-82040,YT-82040 82040,2,4,1,1,1,1,47,parts-from-docx,
YT-82830 & YT-82831,YT-82830 YT-82831,2,4,2,1,1,0,74,parts-from-docx,
YT-09741,YT-09741,1,6,1,2,1,1,45,parts-from-docx,
YT-09803,YT-09803,1,3,2,0,1,0,32,parts-from-docx,
YT-17412,YT-17412,1,4,2,0,0,1,31,parts-from-docx,
YT-09945,YT-09945,1,3,1,1,1,0,35,parts-from-docx,
YT-09913,YT-09913,1,3,1,0,1,1,22,parts-from-docx,
YT-85220 & YT-85221,YT-85220 YT-85221,2,6,2,1,1,0,111,parts-from-docx,
YT-82003,YT-82003,1,2,1,0,0,0,2,parts-from-docx,
YT-82342,YT-82342,1,5,2,0,1,1,59,parts-from-docx,
YT-82080,YT-82080,1,5,1,1,1,1,49,parts-from-docx,
YT-82164,YT-82164 023003,2,5,2,0,1,1,63,parts-from-docx,
YT-85486,YT-85486,1,1,1,0,0,0,155,parts-from-docx,
YT-82131,YT-82131,1,6,1,1,1,1,145,parts-from-docx,
YT-82240,YT-82240,1,5,2,0,1,1,72,parts-from-docx,
YT-09615,YT-09615 YT-09564,2,4,2,0,0,1,59,parts-from-docx,
YT-82341,YT-82341,1,4,2,0,0,1,85,parts-from-docx,
YT-09910,YT-09910,1,4,2,0,1,1,21,parts-from-docx,
YT-09944,YT-09944,1,3,1,1,1,0,39,parts-from-docx,
YT-85451,YT-85451 YT-85453,2,6,3,0,1,1,123,parts-from-docx,
YT-85001,YT-85001,1,7,2,0,5,0,172,parts-from-docx,
YT-85363,YT-85363,1,5,2,0,1,1,69,parts-from-docx,
YT-09633,YT-09633,1,4,2,0,1,1,36,parts-from-docx,
YT-85420,YT-85420,1,6,2,0,2,1,93,parts-from-docx,
YT-85432,YT-85432 85432,2,3,1,1,1,0,150,parts-from-docx,
YT-85434,YT-85434,1,2,1,1,0,0,172,parts-from-docx,
YT-82765,YT-82765,1,5,1,1,1,1,63,parts-from-docx,
YT-09703,YT-09703,1,3,2,0,1,0,34,parts-from-docx,
YT-36095,YT-36095,1,3,1,1,1,0,33,parts-from-docx,
YT-36013,YT-36013,1,3,1,0,1,0,47,parts-from-docx,
YT-85460,YT-85460,1,4,2,0,1,1,169,parts-from-docx,
YT-85350,YT-85350,1,3,1,1,0,1,38,parts-from-docx,
YT-85271,YT-85271,1,1,1,0,0,0,0,empty,
YT-85437,YT-85437,1,2,1,1,0,0,174,parts-from-docx,
YT-09546,YT-09546,1,9,3,0,1,2,41,parts-from-docx,
YT-09715,YT-09715,1,11,2,3,5,1,34,parts-from-docx,
YT-09545,YT-09545,1,4,2,1,0,1,45,parts-from-docx,
YT-09730,YT-09730,1,3,2,0,1,0,41,parts-from-docx,
YT-09676,YT-09676,1,4,2,0,1,1,43,parts-from-docx,
YT-85287,YT-85287 110755 240116 240115,4,10,3,0,3,2,0,drawing-only,
YT-17410,YT-17410,1,4,2,0,0,1,45,parts-from-docx,
YT-82157,YT-82157,1,5,2,0,1,1,74,parts-from-docx,
YT-85422,YT-85422 85422,2,3,1,1,1,0,206,parts-from-docx,
YT-82886 YT-82887,YT-82886 YT-82887,2,8,3,0,3,1,25,parts-from-docx,
YT-55808,YT-55808,1,3,1,1,0,1,11,parts-from-docx,
YT-82772,YT-82772,1,6,1,1,1,1,81,parts-from-docx,
YT-09544,YT-09544,1,4,1,0,1,1,48,parts-from-docx,
YT-09528,YT-09528,1,7,1,2,1,2,49,parts-from-docx,
YT-09540,YT-09540,1,6,1,2,0,3,44,parts-from-docx,
YT-09525,YT-09525 09525,2,10,1,3,1,3,46,parts-from-docx,
YT-854837,YT-854837,1,3,1,0,0,1,104,parts-from-docx,
YT-09222,YT-09222,1,4,2,0,1,1,93,parts-from-docx,
YT-82122,YT-82122,1,2,0,1,0,1,0,drawing-only,
YT-82854,YT-82854,1,6,1,1,1,1,31,parts-from-docx,
YT-09955,YT-09955,1,5,3,0,1,1,95,parts-from-docx,
YT-30424,YT-30424,1,3,1,0,1,1,14,parts-from-docx,
YT-82035,YT-82035 82035,2,5,1,1,2,1,40,parts-from-docx,
YT-82786 & YT-82787,YT-82786 YT-82787 82786 82787,4,5,2,1,0,2,64,parts-from-docx,
YT-09571,YT-09571 09571,2,10,1,4,0,5,44,parts-from-docx,
YT-23241 YT-23242,YT-23241 YT-23242,2,3,1,0,0,1,1,parts-from-docx,
YT-84640 YT-84641,YT-84640 YT-84641 YT-84861,3,5,2,0,1,1,29,parts-from-docx,
YT-82606,YT-82606,1,4,1,0,1,0,7,parts-from-docx,
YT-82250,YT-82250 82250,2,4,1,1,1,1,21,parts-from-docx,
YT-09516,YT-09516,1,6,2,0,1,0,49,parts-from-docx,
YT-09513,YT-09513,1,7,1,3,1,2,37,parts-from-docx,
YT-85224 & YT-85225,YT-85224 YT-85225 10715 10772,4,6,1,0,3,1,17,parts-from-docx,
YT-85176 YT-85177,YT-85176 YT-85177,2,3,1,0,1,0,33,parts-from-docx,
YT-09213,YT-09213,1,3,2,0,0,1,95,parts-from-docx,
YT-82016,YT-82016 240518,2,7,2,0,2,1,89,parts-from-docx,
YT-85182,YT-85182,1,3,1,0,1,0,57,parts-from-docx,
YT-85208,YT-85208,1,2,2,0,0,0,111,parts-from-docx,
YT-85300,YT-85300,1,5,2,0,0,1,53,parts-from-docx,
YT-85192,YT-85192,1,6,2,0,2,1,86,parts-from-docx,
YT-85234,YT-85234,1,5,2,1,1,0,49,parts-from-docx,
YT-85175,YT-85175,1,8,2,0,2,2,56,parts-from-docx,
YT-09224,YT-09224,1,4,2,0,1,1,95,parts-from-docx,
YT-82601,YT-82601 82601,2,3,2,0,1,0,52,parts-from-docx,
YT-82171,YT-82171 82171,2,4,1,1,2,0,174,parts-from-docx,
YT-09510,YT-09510,1,4,1,0,1,1,64,parts-from-docx,
YT-79951,YT-79951 YT-79950,2,6,2,0,2,1,145,parts-from-docx,
YT-09206,YT-09206,1,5,2,0,2,1,74,parts-from-docx,
YT-85173,YT-85173,1,4,2,0,1,0,88,parts-from-docx,
YT-82116,YT-82116,1,2,1,0,0,0,9,parts-from-docx,
YT-08518,YT-08518,1,5,1,1,1,1,25,parts-from-docx,
YT-8273,,0,6,1,3,1,1,15,parts-from-docx,
YT-09211,YT-09211,1,2,2,0,0,0,111,parts-from-docx,
YT-8300,,0,3,1,1,0,1,20,parts-from-docx,
YT-8303,,0,3,1,1,0,1,22,parts-from-docx,
YT-09204,YT-09204,1,4,2,0,1,1,53,parts-from-docx,
YT-09201,YT-09201,1,2,2,0,0,0,50,parts-from-docx,
YT-09212,YT-09212,1,3,2,0,0,1,100,parts-from-docx,
YT-82007,YT-82007,1,5,1,0,3,1,78,parts-from-docx,
YT-09205,YT-09205,1,4,2,0,1,1,67,parts-from-docx,
YT-82242,YT-82242,1,7,2,0,2,1,80,parts-from-docx,
YT-82390,YT-82390,1,8,2,0,1,3,33,parts-from-docx,
YT-82826 & YT-82827 & YT-82828,YT-82826 YT-82827 YT-82828,3,7,3,2,2,0,53,parts-from-docx,
YT-85003,YT-85003,1,14,1,0,13,0,182,parts-from-docx,
YT-23310 YT-23320 YT-23321,YT-23310 YT-23320 YT-23321,3,7,3,0,4,0,91,parts-from-docx,
YT-30436,YT-30436 110009,2,3,1,0,1,1,1,parts-from-docx,
YT-36012,YT-36012,1,3,1,1,1,0,25,parts-from-docx,
YT-09203,YT-09203,1,5,3,0,1,1,82,parts-from-docx,
YT-8301,,0,3,1,1,0,1,16,parts-from-docx,
YT-06063,YT-06063,1,3,1,0,0,1,0,drawing-only,
YT-8302,,0,3,1,1,0,1,22,parts-from-docx,
YT-05855 YT-05856,YT-05855 YT-05856,2,7,3,0,2,1,46,parts-from-docx,
YT-7302,730202 730206 730205 730201,4,6,1,0,0,5,7,parts-from-docx,
YT-8245,,0,2,1,1,0,0,15,parts-from-docx,
YT-07711,YT-07711,1,3,1,1,1,0,40,parts-from-docx,
YT-07067,YT-07067,1,3,1,1,0,1,83,parts-from-docx,
YT-06845,YT-06845,1,9,1,2,0,6,13,parts-from-docx,
YT-07195,YT-07195,1,5,1,1,0,1,14,parts-from-docx,
YT-07068,YT-07068,1,5,3,0,1,1,170,parts-from-docx,
YT-17207,YT-17207,1,5,1,1,2,1,43,parts-from-docx,
YT-07069,YT-07069,1,5,3,0,1,1,87,parts-from-docx,
YT-82609,YT-82609,1,4,2,0,1,0,78,parts-from-docx,
YT-82021,YT-82021,1,4,2,0,0,1,48,parts-from-docx,
YT-09221,YT-09221,1,4,2,0,1,1,100,parts-from-docx,
YT-06174 & YT-06175,YT-06174 YT-06175,2,1,0,0,0,1,0,drawing-only,
YT-82120,YT-82120 82120,2,4,1,1,1,1,97,parts-from-docx,
YT-09202,YT-09202,1,3,2,0,0,1,74,parts-from-docx,
YT-2370,,0,4,1,2,1,0,24,parts-from-docx,
YT-3610,,0,3,1,1,0,1,28,parts-from-docx,
YT-2376,,0,3,1,1,1,0,25,parts-from-docx,
YT-07057,YT-07057,1,4,3,0,1,0,45,parts-from-docx,
YT-3600,,0,3,1,1,0,1,17,parts-from-docx,
YT-1715,,0,4,1,2,1,0,42,parts-from-docx,
YT-2340,,0,3,0,1,2,0,0,drawing-only,
YT-1720,,0,6,1,1,2,2,66,parts-from-docx,
YT-1721,830018,1,5,1,1,1,2,43,parts-from-docx,
YT-1714,,0,3,1,2,0,0,42,parts-from-docx,
YT-3609,,0,2,1,1,0,0,26,parts-from-docx,
YT-2346,,0,3,1,1,1,0,48,parts-from-docx,
YT-1711,,0,7,1,2,1,2,43,parts-from-docx,
YT-1709,,0,3,1,2,0,0,30,parts-from-docx,
YT-1707,,0,3,1,2,0,0,30,parts-from-docx,
YT-0980,,0,3,1,1,0,1,41,parts-from-docx,
YT-0960,,0,6,1,2,0,2,52,parts-from-docx,
YT-1704,,0,3,1,2,0,0,30,parts-from-docx,
YT-0780,,0,5,1,1,2,1,15,parts-from-docx,
YT-1706,,0,3,1,2,0,0,30,parts-from-docx,
YT-0762,,0,4,1,2,0,1,10,parts-from-docx,
YT-0770,,0,2,1,1,0,0,41,parts-from-docx,
YT-1713,810002 81002,2,8,2,2,2,2,86,parts-from-docx,
YT-0760,,0,6,1,2,1,2,35,parts-from-docx,
YT-0761,,0,6,1,2,1,2,38,parts-from-docx,
YT-0781,,0,5,1,2,1,1,15,parts-from-docx,
YT-0753,,0,6,1,2,2,1,0,drawing-only,
YT-0782,,0,3,1,1,0,1,7,parts-from-docx,
YT-0755,,0,3,0,2,1,0,0,drawing-only,
YT-79950,YT-79950 YT-79951,2,6,2,0,2,1,143,parts-from-docx,
YT-0754,,0,5,1,1,2,1,32,parts-from-docx,
YG-16000,YG-16000 YT-16000,2,5,2,0,1,1,57,parts-from-docx,
YT-09547,YT-09547,1,7,2,0,1,1,44,parts-from-docx,
YG-20106,YG-20106,1,6,3,0,1,1,18,parts-from-docx,
YT-0767,,0,4,1,1,1,1,43,parts-from-docx,
YG-10010,YG-10010,1,6,2,0,2,2,2,parts-from-docx,
YG-09310 YG-09311 YG-09312,YG-09310 YG-09311 YG-09312,3,6,5,0,0,1,28,parts-from-docx,
YG-09304,YG-09304,1,2,2,0,0,0,27,parts-from-docx,
YG-09249,YG-09249,1,4,1,0,0,3,0,drawing-only,
YT-73462,YT-73462,1,4,1,1,1,1,18,parts-from-docx,
YG-09305,YG-09305,1,2,2,0,0,0,28,parts-from-docx,
YT-82205,YT-82205,1,5,2,0,1,1,67,parts-from-docx,
YG-09307,YG-09307,1,6,2,0,1,3,44,parts-from-docx,
YG-09226,YG-09226 09226,2,5,1,0,1,3,1,parts-from-docx,
YG-09227,YG-09227 09227,2,4,0,0,1,3,0,drawing-only,
YG-09233,YG-09233,1,4,1,0,1,2,0,drawing-only,
YG-09250,YG-09250 09250,2,4,0,0,1,3,0,drawing-only,
YG-09245,YG-09245,1,4,1,0,0,3,2,parts-from-docx,
YG-09230,YG-09230,1,4,1,0,1,2,0,drawing-only,
YG-09231,YG-09231,1,4,1,0,1,2,0,drawing-only,
YG-09091,YG-09091,1,1,0,0,1,0,0,drawing-only,
YG-07001,YG-07001,1,3,1,0,0,2,0,drawing-only,
YG-09070,YG-09070,1,1,0,0,0,1,0,drawing-only,
YG-05360,YG-05360,1,2,1,1,0,0,37,parts-from-docx,
YG-09000-YG-09035,YG-09000 YG-09035 000195 YG-09020 YG-09034 YG-09033 YG-09032 YG-09030 YG-09024 YG-09022 YG-09025 YG-09031 YG-09021 YG-09023 YG-09014 YG-09013 YG-09011 YG-09012 YG-09010 YG-09003 YG-09002 YG-09001 YG-09006 YG-09005 YG-09004,25,52,24,1,24,3,0,drawing-only,
YT-07020 YT-07021,YT-07020 YT-07021,2,7,2,0,2,1,2,parts-from-docx,
YG-05356,YG-05356,1,3,1,1,1,0,32,parts-from-docx,
YT-8271,,0,6,1,3,1,1,16,parts-from-docx,
YT-82395,YT-82395,1,3,1,0,1,0,63,parts-from-docx,
YT-25021,YT-25021,1,4,2,0,0,1,67,parts-from-docx,
YT-82037,YT-82037 82037,2,4,1,1,1,1,59,parts-from-docx,
YT-82105,YT-82105,1,5,1,1,1,1,53,parts-from-docx,
YT-82159,YT-82159,1,6,2,0,1,1,57,parts-from-docx,
YG-05322,YG-05322,1,4,1,1,2,0,25,parts-from-docx,
YG-05320,YG-05320,1,4,1,1,2,0,25,parts-from-docx,
YT-82760,YT-82760 82760,2,5,1,1,2,1,38,parts-from-docx,
YG-05323,YG-05323,1,4,1,1,2,0,25,parts-from-docx,
YT-09912,YT-09912,1,3,1,0,1,1,2,parts-from-docx,
YG-05321,YG-05321 05321,2,5,1,1,2,1,25,parts-from-docx,
YT-0965,,0,3,1,1,0,1,34,parts-from-docx,
YG-05300,YG-05300,1,3,1,1,1,0,51,parts-from-docx,
YG-05281,YG-05281,1,5,1,1,1,1,0,drawing-only,
YG-05270,YG-05270,1,3,1,1,1,0,50,parts-from-docx,
YG-05330,YG-05330,1,4,1,1,2,0,0,drawing-only,
YG-05310,YG-05310,1,3,1,1,1,0,58,parts-from-docx,
YG-05275,YG-05275,1,3,1,1,1,0,50,parts-from-docx,
YG-05280,YG-05280,1,3,1,1,1,0,48,parts-from-docx,
YG-05290,YG-05290,1,3,1,1,1,0,55,parts-from-docx,
YG-05262,YG-05262,1,3,1,1,1,0,55,parts-from-docx,
DZ_YT-17000,YT-17000 YT-17001,2,5,1,1,2,1,0,drawing-only,
DZ_YT-17001,YT-17001 YT-17000,2,7,2,1,2,2,38,parts-from-docx,
DZ_YT-09524,YT-09524,1,7,0,4,3,0,0,drawing-only,
YT-81983,YT-81983 81983,2,5,2,0,0,2,90,parts-from-docx,
DZ_YT-17004,YT-17004 YT-17000,2,7,2,1,2,2,41,parts-from-docx,
DZ_YT-09632,YT-09632,1,7,0,4,2,1,0,drawing-only,
DZ_YT-09904,YT-09904 09904,2,3,1,0,2,0,18,parts-from-docx,
DZ_YT-17002,YT-17002 YT-17000,2,7,2,1,2,2,38,parts-from-docx,
DZ_YT-17006,YT-17006 YT-17000,2,7,2,1,2,2,41,parts-from-docx,
DZ_YT-09702,YT-09702,1,2,0,1,1,0,0,drawing-only,
DZ_YT-8310,,0,2,1,1,0,0,20,parts-from-docx,
DZ_YT-09102,YT-09102,1,2,0,0,0,2,0,drawing-only,
DZ_YT-09717,YT-09717,1,2,1,0,1,0,41,parts-from-docx,
YT-82829 & YT-828291,YT-82829 YT-828291,2,5,1,1,0,1,50,parts-from-docx,
DZ_YT-09675,YT-09675,1,4,0,2,2,0,0,drawing-only,
DZ_YT-09740,YT-09740 09740,2,4,0,1,2,1,0,drawing-only,
DZ_YT-08519,YT-08519,1,4,1,0,1,1,38,parts-from-docx,
YG-09303,YG-09303,1,2,2,0,0,0,27,parts-from-docx,
YT-36127,YT-36127,1,2,1,0,0,1,39,parts-from-docx,
YT-82036,YT-82036 82036,2,4,1,1,1,1,46,parts-from-docx,
DZ_YT-8305,,0,5,0,1,1,3,0,drawing-only,
DZ_YT-7312,731205,1,1,0,0,0,1,0,drawing-only,
DZ_YT-7310,731005,1,1,0,0,0,1,0,drawing-only,
DZ_82967_82970,82967 82970,2,3,1,0,0,2,12,parts-from-docx,
DZ_YT-8304,,0,8,0,3,3,2,0,drawing-only,
DZ_YT-06174 & YT-06175,YT-06174 YT-06175 06174,3,2,0,0,0,2,0,drawing-only,
DZ_YT-7311,731105,1,1,0,0,0,1,0,drawing-only,
DZ_YT-2375,,0,2,0,1,1,0,0,drawing-only,
"DZ_YT-1334, YT-1335",,0,1,0,0,1,0,0,drawing-only,
DZ_YT-5901_5905,,0,15,4,6,1,4,240,parts-from-docx,
DZ_YT-7307,,0,3,1,1,0,1,0,drawing-only,
DZ_YT-0420,,0,1,0,1,0,0,0,empty,
DZ_YT-0990,,0,2,0,1,0,1,0,drawing-only,
DZ_YT-2357,,0,5,1,1,2,1,0,drawing-only,
DZ_YT-0953,,0,7,2,2,0,2,47,parts-from-docx,
YT-82607,YT-82607,1,6,1,1,1,1,63,parts-from-docx,
YT-82812 & YT-82813,YT-82812 YT-82813,2,5,0,2,1,0,0,drawing-only,
89610,89610,1,3,1,0,0,1,0,drawing-only,
DZ_YT-0400,,0,1,0,1,0,0,0,empty,
YT-82398 YT-82399,YT-82398 YT-82399 091020 202406,4,4,2,0,1,0,61,parts-from-docx,
82942,82942,1,3,1,1,0,1,38,parts-from-docx,
DZ_81117,81117,1,2,0,1,1,0,0,drawing-only,
DZ_YT-0981,,0,5,0,3,1,1,0,drawing-only,
DZ_81110,81110,1,4,0,2,2,0,0,drawing-only,
DZ_81114,81114,1,2,0,1,1,0,0,drawing-only,
DZ_81119,81119,1,4,0,2,2,0,0,drawing-only,
DZ_81634,81634,1,2,0,1,1,0,0,drawing-only,
82543,82543,1,2,1,1,0,0,34,parts-from-docx,
DZ_YT-09505,YT-09505,1,8,1,3,1,3,44,parts-from-docx,
DZ_81118,81118,1,2,0,1,1,0,0,drawing-only,
80902,80902,1,9,4,1,2,2,50,parts-from-docx,
89611,89611,1,3,1,0,0,1,0,drawing-only,
82544,82544,1,2,1,1,0,0,34,parts-from-docx,
DZ_81108,81108,1,6,2,1,3,0,0,drawing-only,
DZ_81135,81135,1,2,0,1,1,0,0,drawing-only,
80072,80072,1,4,1,1,1,1,15,parts-from-docx,
81618,81618,1,7,1,3,2,1,24,parts-from-docx,
82542,82542,1,2,1,1,0,0,24,parts-from-docx,
81100,81100 81110,2,5,1,1,2,1,46,parts-from-docx,
81101,81101,1,6,1,1,2,2,46,parts-from-docx,
82541,82541,1,2,1,1,0,0,24,parts-from-docx,
80340,80340,1,6,1,2,1,2,20,parts-from-docx,
YT-82832 & YT-82833,YT-82832 YT-82833,2,3,2,1,0,0,48,parts-from-docx,
80350,80350,1,6,1,2,1,2,20,parts-from-docx,
80330,80330,1,6,1,3,2,0,38,parts-from-docx,
YT-82824,YT-82824 102823 YT-828296,3,6,2,0,1,1,45,parts-from-docx,
YT-0771,,0,3,1,2,0,0,41,parts-from-docx,
80412,80412,1,7,1,2,1,0,66,parts-from-docx,
80042,80042,1,4,1,1,1,1,15,parts-from-docx,
80111,80111 820050,2,7,2,1,1,3,42,parts-from-docx,
80970,80970,1,3,1,1,0,1,29,parts-from-docx,
79927,79927,1,4,1,1,1,1,21,parts-from-docx,
80012,80012,1,4,1,1,1,1,15,parts-from-docx,
DZ_81107,81107,1,4,0,2,2,0,0,drawing-only,
79930,79930,1,4,1,1,1,1,24,parts-from-docx,
79926,79926,1,4,1,1,1,1,21,parts-from-docx,
YT-82814 & YT-82815,YT-82814 YT-82815,2,4,2,1,0,1,50,parts-from-docx,
DZ_YT-09860,YT-09860,1,5,1,0,1,3,75,parts-from-docx,
YT-82810 & YT-82811,YT-82810 YT-82811,2,3,2,1,0,0,56,parts-from-docx,
YT-17214,YT-17214 830023,2,5,2,0,2,1,45,parts-from-docx,
YT-8311,,0,5,1,2,1,1,26,parts-from-docx,
YT-82221,YT-82221,1,4,2,0,0,1,66,parts-from-docx,
YT-09575,YT-09575,1,5,2,1,0,1,86,parts-from-docx,
80052,80052,1,4,1,1,1,1,16,parts-from-docx,
YT-09564,YT-09564 YT-09615,2,4,1,1,0,1,44,parts-from-docx,
79944,79944,1,5,1,1,1,2,28,parts-from-docx,
80032,80032,1,4,1,1,1,1,15,parts-from-docx,
79928,79928,1,4,1,1,1,1,22,parts-from-docx,
79931,79931,1,5,1,1,1,1,36,parts-from-docx,
79933,79933,1,4,1,1,1,0,35,parts-from-docx,
79909,79909,1,4,1,1,0,1,36,parts-from-docx,
80022,80022,1,4,1,1,1,1,15,parts-from-docx,
YT-81355,YT-81355,1,3,1,0,1,0,18,parts-from-docx,
YG-20102,YG-20102,1,6,2,0,2,1,23,parts-from-docx,
79810,79810 79811 79812,3,8,1,2,2,2,53,parts-from-docx,
79880,79880,1,2,0,1,0,1,0,drawing-only,
79929,79929,1,4,1,1,1,1,26,parts-from-docx,
79772,79772,1,3,1,1,0,1,41,parts-from-docx,
79811,79811 79810 79812,3,8,1,2,2,2,54,parts-from-docx,
79783,79783,1,3,1,1,0,1,41,parts-from-docx,
79790,79790,1,3,1,1,0,1,54,parts-from-docx,
79774,79774,1,3,1,1,0,1,45,parts-from-docx,
YT-09511,YT-09511,1,7,1,2,1,2,47,parts-from-docx,
DZ_81133,81133,1,3,0,1,2,0,0,drawing-only,
DZ_YT-17005,YT-17005 YT-17000,2,7,2,1,2,2,41,parts-from-docx,
YT-30477,YT-30477,1,1,1,0,0,0,1,parts-from-docx,
79782,79782,1,3,1,1,0,1,41,parts-from-docx,
81617,81617,1,5,1,2,1,1,34,parts-from-docx,
79771,79771,1,7,1,2,1,2,42,parts-from-docx,
79781,79781,1,3,1,1,0,1,42,parts-from-docx,
79932,79932,1,4,1,1,1,0,35,parts-from-docx,
79775,79775,1,3,1,1,0,1,45,parts-from-docx,
79773,79773,1,3,1,1,0,1,45,parts-from-docx,
79328,79328,1,6,1,2,1,1,30,parts-from-docx,
79350,79350 79351,2,5,2,1,0,1,17,parts-from-docx,
79734,79734,1,4,1,0,1,1,105,parts-from-docx,
79320,79320,1,3,1,1,0,1,29,parts-from-docx,
79327,79327,1,7,2,2,1,1,30,parts-from-docx,
78992,78992,1,4,2,0,2,0,37,parts-from-docx,
YT-82608,YT-82608,1,4,2,0,1,0,74,parts-from-docx,
79135,79135 021044,2,4,1,0,1,1,59,parts-from-docx,
79358,79358,1,5,1,2,1,1,15,parts-from-docx,
YT-82605,YT-82605,1,4,1,0,1,0,65,parts-from-docx,
YT-82284,YT-82284,1,4,1,0,2,0,0,drawing-only,
YT-82604,YT-82604,1,5,2,0,1,0,22,parts-from-docx,
YG-09096,YG-09096,1,1,0,0,0,1,0,drawing-only,
YT-82553,YT-82553,1,6,1,1,0,1,49,parts-from-docx,
YT-82462,YT-82462,1,5,2,0,1,1,20,parts-from-docx,
79309,79309,1,4,0,2,2,0,0,drawing-only,
78995,78995,1,4,2,0,2,0,38,parts-from-docx,
79314,79314,1,3,1,1,1,0,20,parts-from-docx,
79093,79093,1,5,2,0,1,1,53,parts-from-docx,
79325,79325,1,9,2,4,0,2,21,parts-from-docx,
78997,78997,1,4,2,0,2,0,37,parts-from-docx,
78981,78981,1,5,2,0,3,0,36,parts-from-docx,
YT-82560,YT-82560,1,2,2,0,0,0,119,parts-from-docx,
79324,79324,1,5,2,2,0,1,21,parts-from-docx,
YT-82161,YT-82161 022019,2,4,2,0,1,0,142,parts-from-docx,
YT-09742,YT-09742,1,7,1,3,1,2,49,parts-from-docx,
78972,78972,1,3,2,0,1,0,48,parts-from-docx,
YT-09515,YT-09515,1,9,3,1,1,3,94,parts-from-docx,
78982,78982,1,4,2,0,2,0,38,parts-from-docx,
79354,79354,1,3,1,1,0,1,18,parts-from-docx,
78210 78211,78210 78211,2,6,3,0,1,1,49,parts-from-docx,
78855,78855,1,6,2,0,1,1,34,parts-from-docx,
78974,78974,1,4,2,0,1,1,61,parts-from-docx,
78983,78983,1,4,2,0,2,0,38,parts-from-docx,
78910,78910,1,3,2,0,0,1,12,parts-from-docx,
78641,78641,1,6,1,1,1,3,3,parts-from-docx,
78894,78894,1,4,2,0,1,1,2,parts-from-docx,
78190,78190,1,6,1,0,1,1,22,parts-from-docx,
YG-05350,YG-05350,1,3,1,1,1,0,34,parts-from-docx,
78186_78187,78186 78187,2,9,3,0,1,2,0,drawing-only,
78870,78870,1,4,1,1,2,0,38,parts-from-docx,
78912,78912,1,7,2,1,3,1,16,parts-from-docx,
YT-0959,,0,6,1,2,1,1,52,parts-from-docx,
78911,78911,1,4,2,0,1,1,29,parts-from-docx,
YT-23300 YT-23305,YT-23300 YT-23305,2,3,1,1,1,0,76,parts-from-docx,
78203 78204,78203 78204,2,6,3,0,1,1,95,parts-from-docx,
78184 78185,78184 78185,2,6,3,0,1,1,61,parts-from-docx,
78180_78181,78180 78181,2,9,3,0,1,2,66,parts-from-docx,
78158,78158,1,5,1,0,1,1,1,parts-from-docx,
"78084, 78085",78084 78085,2,7,2,0,1,2,2,parts-from-docx,
"78138,78139",78138 78139,2,9,3,0,1,3,15,parts-from-docx,
YT-82117,YT-82117,1,2,1,0,0,0,9,parts-from-docx,
78125,78125,1,5,2,0,1,1,14,parts-from-docx,
78113,78113,1,6,2,0,1,1,36,parts-from-docx,
YT-82051,YT-82051 82051,2,4,1,1,1,1,47,parts-from-docx,
75954,75954,1,5,2,0,1,0,0,drawing-only,
YT-82004,YT-82004,1,3,1,0,1,0,9,parts-from-docx,
75953,75953,1,3,1,1,0,1,62,parts-from-docx,
YT-82198,YT-82198 022027,2,3,1,0,1,0,65,parts-from-docx,
"78136,78137",78136 78137,2,9,4,0,1,2,1,parts-from-docx,
78143,78143,1,5,1,0,1,1,34,parts-from-docx,
"78132,78133",78132 78133,2,9,4,0,1,2,1,parts-from-docx,
YT-82293,YT-82293 82293,2,6,2,2,1,1,26,parts-from-docx,
78107,78107,1,6,2,0,1,1,10,parts-from-docx,
75951,75951,1,3,1,1,1,0,66,parts-from-docx,
75945,75945,1,4,1,1,2,0,15,parts-from-docx,
"78090, 78091",78090 78091,2,7,2,0,1,2,1,parts-from-docx,
75884,75884,1,4,3,0,0,1,22,parts-from-docx,
YT-8272,,0,6,1,3,1,1,14,parts-from-docx,
YT-81357,YT-81357,1,3,1,0,1,0,21,parts-from-docx,
79792,79792,1,4,1,1,1,1,54,parts-from-docx,
YT-09738,YT-09738,1,6,2,1,0,2,49,parts-from-docx,
YT-82295,YT-82295,1,5,2,0,1,1,29,parts-from-docx,
75932,75932,1,4,2,0,1,1,57,parts-from-docx,
YT-09739,YT-09739,1,4,2,0,1,1,43,parts-from-docx,
78151,78151,1,5,1,0,2,1,1,parts-from-docx,
75944,75944,1,5,2,0,1,1,55,parts-from-docx,
79812,79812 79810 79811,3,8,1,2,2,2,54,parts-from-docx,
YT-07190,YT-07190,1,3,2,0,0,1,51,parts-from-docx,
YT-82155,YT-82155,1,3,2,0,0,0,82,parts-from-docx,
YT-82340,YT-82340,1,4,1,1,1,1,58,parts-from-docx,
75930_75931,75930 75931,2,5,3,0,1,1,62,parts-from-docx,
75832,75832,1,4,3,0,0,1,2,parts-from-docx,
75835,75835,1,4,3,0,0,1,1,parts-from-docx,
75886,75886,1,4,3,0,0,1,0,drawing-only,
"78080, 78081, 78082",78080 78081 78082,3,11,5,0,1,3,52,parts-from-docx,
75833,75833,1,4,3,0,0,1,17,parts-from-docx,
75888,75888,1,4,3,0,0,1,26,parts-from-docx,
75921_75922,75921 75922,2,4,2,0,1,1,18,parts-from-docx,
75887,75887,1,4,3,0,0,1,0,drawing-only,
75885,75885,1,4,3,0,0,1,0,drawing-only,
80450,80450,1,5,1,2,1,1,24,parts-from-docx,
75830,75830,1,3,2,0,0,1,0,drawing-only,
75831,75831,1,4,2,0,1,1,1,parts-from-docx,
75818,75818,1,3,2,0,0,1,30,parts-from-docx,
75817,75817,1,4,3,0,0,1,19,parts-from-docx,
75811_75836,75811 75836,2,4,2,0,0,2,0,drawing-only,
75815,75815,1,4,3,0,0,1,1,parts-from-docx,
75889,75889,1,4,3,0,0,1,32,parts-from-docx,
75813_75838,75813 75838,2,6,4,0,0,2,23,parts-from-docx,
75923_75924,75923 75924 75921,3,13,3,0,7,2,37,parts-from-docx,
75812_75837,75812 75837,2,7,5,0,0,2,0,drawing-only,
75805,75805,1,5,2,0,2,1,14,parts-from-docx,
75807_75827,75807 75827,2,7,5,0,0,2,15,parts-from-docx,
75809_75829,75809 75829,2,8,5,0,0,3,38,parts-from-docx,
79943,79943,1,4,1,1,1,1,27,parts-from-docx,
75808_75828,75808 75828,2,8,5,0,0,3,34,parts-from-docx,
75719,75719,1,4,2,0,1,1,23,parts-from-docx,
"75705, 75706, 75707, 75708, 75709, 75710, 75711, 75712",75705 75706 75707 75708 75709 75710 75711 75712,8,4,1,1,1,1,31,parts-from-docx,
YT-82207,YT-82207,1,6,2,0,1,1,27,parts-from-docx,
75670_75671_75672_75673_75674,75670 75671 75672 75673 75674,5,13,6,0,5,1,15,parts-from-docx,
"75775, 75776, 75777, 75778, 75779",75775 75776 75777 75778 75779,5,5,2,0,1,1,19,parts-from-docx,
75665,75665,1,4,2,0,1,1,21,parts-from-docx,
75662,75662,1,4,2,0,1,1,21,parts-from-docx,
YT-82097,YT-82097,1,2,2,0,0,0,51,parts-from-docx,
75716,75716,1,4,2,0,1,1,19,parts-from-docx,
DZ_YT-17008,YT-17008 YT-17000,2,7,2,1,2,2,75,parts-from-docx,
YT-09223,YT-09223,1,4,2,0,1,1,99,parts-from-docx,
75663,75663,1,4,2,0,1,1,21,parts-from-docx,
75664,75664,1,4,2,0,1,1,21,parts-from-docx,
YT-0750,,0,2,1,1,0,0,34,parts-from-docx,
YT-08502,YT-08502,1,3,2,0,0,1,25,parts-from-docx,
YT-82251,YT-82251,1,2,1,0,1,0,19,parts-from-docx,
YT-82220,YT-82220 82220,2,6,1,3,1,1,55,parts-from-docx,
YT-82234,YT-82234,1,5,2,0,1,0,112,parts-from-docx,
73403,73403,1,3,1,1,1,0,13,parts-from-docx,
73410,73410,1,4,1,1,2,0,26,parts-from-docx,
80062,80062,1,4,1,1,1,1,15,parts-from-docx,
80082,80082,1,4,1,1,1,1,36,parts-from-docx,
73420,73420,1,4,1,1,2,0,25,parts-from-docx,
73473,73473,1,3,0,1,1,1,0,drawing-only,
73470,73470,1,3,1,1,1,0,39,parts-from-docx,
YT-81381,YT-81381,1,5,2,0,1,1,19,parts-from-docx,
73056,73056,1,6,1,2,1,2,20,parts-from-docx,
68793,68793,1,3,1,0,1,1,0,drawing-only,
YT-55801 YT-55803,YT-55801 YT-55803,2,7,4,0,0,1,40,parts-from-docx,
73400,73400,1,3,1,1,1,0,10,parts-from-docx,
YG-05331,YG-05331,1,4,1,1,2,0,0,drawing-only,
72928,72928,1,4,1,1,1,1,22,parts-from-docx,
YG-05332,YG-05332,1,4,1,1,2,0,0,drawing-only,
70280,70280,1,4,2,0,1,1,56,parts-from-docx,
YT-09220,YT-09220,1,4,2,0,1,1,113,parts-from-docx,
68791,68791,1,4,2,0,1,1,21,parts-from-docx,
73060,73060,1,4,1,1,1,1,32,parts-from-docx,
YT-0752,,0,6,1,2,2,1,27,parts-from-docx,
YT-1702,,0,4,1,1,1,1,30,parts-from-docx,
YG-05260,YG-05260,1,3,1,1,1,0,54,parts-from-docx,
YT-82099,YT-82099,1,5,1,1,1,1,59,parts-from-docx,
YT-82148,YT-82148,1,3,1,0,1,0,166,parts-from-docx,
DZ_YT-17007,YT-17007 YT-17000,2,7,2,1,2,2,66,parts-from-docx,
68652,68652,1,3,1,0,1,1,0,drawing-only,
DZ_YT-2341,,0,3,0,2,1,0,0,drawing-only,
YT-84841 YT-84842,YT-84841 YT-84842,2,8,3,0,3,1,124,parts-from-docx,
YT-17205,YT-17205 825011,2,8,2,0,3,1,50,parts-from-docx,
DZ_YT-17003,YT-17003 YT-17000,2,7,2,1,2,2,41,parts-from-docx,
68792,68792,1,3,1,0,1,1,39,parts-from-docx,
68650,68650,1,4,2,0,1,1,18,parts-from-docx,
79725,79725,1,6,1,1,2,1,75,parts-from-docx,
YT-08505,YT-08505 08505,2,3,1,1,1,0,24,parts-from-docx,
DZ_YT-09618,YT-09618,1,4,2,0,0,1,60,parts-from-docx,
YG-09225,YG-09225 09225,2,6,2,0,1,3,7,parts-from-docx,
68271,68271,1,5,2,0,1,1,18,parts-from-docx,
YT-0751,,0,8,1,2,3,2,27,parts-from-docx,
68503,68503,1,3,2,0,0,1,105,parts-from-docx,
YT-3612,,0,7,1,3,2,1,33,parts-from-docx,
68501,68501 68502,2,6,2,0,2,1,96,parts-from-docx,
YT-0756,,0,5,1,1,2,1,37,parts-from-docx,
YT-3618,,0,4,1,1,1,1,58,parts-from-docx,
68651,68651,1,4,2,0,1,1,20,parts-from-docx,
68281,68281,1,6,2,0,2,1,27,parts-from-docx,
68272,68272 130349,2,5,2,0,0,2,40,parts-from-docx,
68502,68502 68501,2,7,2,0,2,1,97,parts-from-docx,
68273,68273 141412,2,5,2,0,1,1,40,parts-from-docx,
68280,68280,1,3,2,0,0,1,29,parts-from-docx,
68270,68270,1,5,2,0,1,1,25,parts-from-docx,
68260,68260,1,7,3,0,1,2,46,parts-from-docx,
68194,68194,1,4,2,0,1,1,51,parts-from-docx,
"68219, 68223",68219 68223,2,4,1,0,0,1,1,parts-from-docx,
68216,68216,1,5,2,0,0,1,45,parts-from-docx,
68217,68217 095136,2,6,2,0,0,2,33,parts-from-docx,
68218,68218,1,4,2,0,0,1,34,parts-from-docx,
68100,68100,1,5,1,1,1,1,48,parts-from-docx,
"68206, 68207, 68208, 68209",68206 68207 68208 68209,4,3,2,0,0,1,33,parts-from-docx,
YT-82154,YT-82154,1,6,2,0,2,1,67,parts-from-docx,
68172,68172,1,4,2,0,1,1,43,parts-from-docx,
68115,68115,1,5,1,1,1,1,60,parts-from-docx,
68032,68032,1,5,2,0,1,1,2,parts-from-docx,
YT-82144,YT-82144,1,4,2,0,1,0,82,parts-from-docx,
68174,68174,1,4,2,0,1,1,39,parts-from-docx,
68477,68477,1,5,2,0,2,1,14,parts-from-docx,
68090,68090,1,5,1,1,1,1,46,parts-from-docx,
68173,68173,1,4,2,0,1,1,35,parts-from-docx,
67920,67920,1,4,1,0,2,1,5,parts-from-docx,
68015,68015,1,4,2,0,1,1,37,parts-from-docx,
68016,68016,1,5,2,0,2,1,68,parts-from-docx,
YT-09240,YT-09240,1,4,2,0,1,1,93,parts-from-docx,
67877,67877 090806 085435 090822 085409 085538 085207 085241 090858 085404 085941 085218,12,18,2,0,2,13,41,parts-from-docx,
67900,67900,1,8,2,0,0,5,63,parts-from-docx,
67880,67880,1,5,1,1,1,2,29,parts-from-docx,
67881,67881 082936,2,7,2,0,2,2,58,parts-from-docx,
67851,67851,1,5,2,0,2,1,74,parts-from-docx,
67882,67882,1,4,1,1,1,1,60,parts-from-docx,
67790,67790 110921 111608 110915 110953,5,8,1,1,1,5,42,parts-from-docx,
67844,67844,1,5,2,0,1,1,45,parts-from-docx,
67842,67842,1,5,2,0,1,1,60,parts-from-docx,
YT-82038,YT-82038,1,3,1,0,1,0,5,parts-from-docx,
67815,67815,1,7,2,0,2,2,96,parts-from-docx,
67814,67814,1,7,2,0,2,2,100,parts-from-docx,
67812,67812,1,7,2,0,2,2,125,parts-from-docx,
67843,67843,1,5,2,0,1,1,63,parts-from-docx,
67780,67780 090656 090756 091047 090729 090814 090654 084351 141632,9,13,1,1,1,9,20,parts-from-docx,
67707,67707 082315 082138 084448 081919 084413 083200 082948 083227 083011 082740 082305 081937 084419 082636 083309 083002 082732 082941 080936 082300 081926 082332 082630,24,30,2,0,1,25,73,parts-from-docx,
67781,67781 100748 101322 101514 101455 101502 102206 101450 100808 100830 100759 102244 102215,13,17,1,1,1,13,0,drawing-only,
YT-83095,YT-83095,1,1,1,0,0,0,13,parts-from-docx,
67703,67703,1,5,2,0,1,2,37,parts-from-docx,
67813,67813,1,6,2,0,2,2,64,parts-from-docx,
67702,67702,1,5,2,0,2,1,44,parts-from-docx,
67661,67661 094616 092543 094706 094633 123000,6,10,2,0,1,6,16,parts-from-docx,
YT-82089,YT-82089,1,5,2,0,1,1,52,parts-from-docx,
YT-82096,YT-82096,1,3,1,0,1,0,61,parts-from-docx,
67700,67700,1,9,5,0,3,1,80,parts-from-docx,
YT-82098,YT-82098,1,5,1,1,1,1,55,parts-from-docx,
YT-82077,YT-82077,1,2,1,0,1,0,17,parts-from-docx,
67640,67640,1,4,2,0,1,1,52,parts-from-docx,
67530,67530 140426 133238 140405 134231 133428 140138 133228 133250 134537,10,14,2,0,1,10,35,parts-from-docx,
67660,67660 134626 134310 134248 134756 133050 122908 134258 134320 141100,10,15,2,0,1,11,19,parts-from-docx,
67573,67573 152144 152949 152353 152218 153550 152234,7,10,2,0,1,6,62,parts-from-docx,
67641,67641,1,4,2,0,1,1,2,parts-from-docx,
67526,67526,1,4,1,1,1,1,33,parts-from-docx,
67590,67590 115955 115918 115734 121244 121256 120157 121307 120501 121145 115932 111712 115419 115839 111719 115703 115819 115649,18,23,2,0,2,18,80,parts-from-docx,
YG-05355,YG-05355,1,2,1,1,0,0,35,parts-from-docx,
67528,67528,1,4,2,0,1,1,21,parts-from-docx,
67527,67527 082917 082711 083556 083745 082555 083008 082750,8,12,2,0,1,8,22,parts-from-docx,
67574,67574 143148 145555 142540 145547 144609 142011 142026 142923,9,12,2,0,1,8,56,parts-from-docx,
67642,67642,1,4,2,0,1,1,57,parts-from-docx,
67520,67520 122356 121755 122359 121449 121435 121313 121448 121724 122739 122411,11,14,2,0,0,11,26,parts-from-docx,
YT-0957,260205,1,4,0,1,1,1,0,drawing-only,
67525,67525,1,5,1,1,1,2,27,parts-from-docx,
67501,67501 100731 100635 091630 100631 100649,6,9,2,0,0,6,45,parts-from-docx,
67500,67500 085014 083323 083145 084527 084700 084714 083458 083438 083135 152633,11,15,2,0,0,12,47,parts-from-docx,
YT-82022,YT-82022,1,6,2,0,2,1,47,parts-from-docx,
67423,67423,1,5,2,0,1,1,28,parts-from-docx,
67480,67480 131638 132028 132051 132014 125818 124710 124701 131705 131823 132018,11,15,2,0,1,11,35,parts-from-docx,
67470,67470 091851 084658 085858 090144 090104 085802,7,10,3,0,1,6,30,parts-from-docx,
67453,67453 085338 092744 095030 092727 094911 095039,7,9,2,0,0,7,28,parts-from-docx,
67424,67424,1,5,2,0,1,1,26,parts-from-docx,
67451,67451 092405 092108 084725 091615 091713 092415,7,10,3,0,1,6,46,parts-from-docx,
67455,67455 135850 134303 134815 142103 142007,6,9,3,0,1,5,40,parts-from-docx,
67458,67458,1,4,1,1,1,1,54,parts-from-docx,
YT-84840,YT-84840,1,5,2,0,1,1,130,parts-from-docx,
67420,67420 090204 081243 081440 081312 085943 081256 085935 090151,9,13,2,0,1,9,45,parts-from-docx,
67220,67220,1,3,2,0,1,0,40,parts-from-docx,
DZ_YT-17009,YT-17009 YT-17000 17009,3,8,2,1,3,2,75,parts-from-docx,
YT-82001,YT-82001,1,3,2,0,0,1,93,parts-from-docx,
67457,67457 090423 090548 091443 084647 085814 085738 084854 090809 085732,10,15,2,0,0,11,63,parts-from-docx,
67091,67091,1,4,2,0,1,1,36,parts-from-docx,
67113,67113,1,8,2,0,2,2,46,parts-from-docx,
67090,67090,1,3,2,0,1,0,53,parts-from-docx,
66841,66841,1,4,2,0,1,1,31,parts-from-docx,
YT-09695,YT-09695,1,4,2,0,1,1,34,parts-from-docx,
66842,66842,1,4,2,0,1,1,34,parts-from-docx,
67110,67110,1,3,2,0,1,0,33,parts-from-docx,
66930,66930,1,4,2,0,0,0,23,parts-from-docx,
67112,67112,1,5,2,0,2,1,26,parts-from-docx,
58700,58700,1,4,1,1,0,2,103,parts-from-docx,
58691,58691,1,4,1,1,0,1,103,parts-from-docx,
57091,57091,1,3,1,1,1,0,46,parts-from-docx,
58643,58643,1,3,1,1,0,1,28,parts-from-docx,
58690,58690,1,3,1,1,0,1,94,parts-from-docx,
58539,58539,1,3,2,0,0,1,3,parts-from-docx,
58540,58540,1,18,2,0,0,16,180,parts-from-docx,
58661,58661,1,4,1,1,0,2,22,parts-from-docx,
58550,58550,1,5,3,0,0,2,530,parts-from-docx,
YT-09620,YT-09620 09620,2,3,1,0,0,2,53,parts-from-docx,
57092,57092,1,3,1,1,1,0,45,parts-from-docx,
57097,57097,1,3,1,1,1,0,53,parts-from-docx,
55820,55820,1,2,1,1,0,0,5,parts-from-docx,
YT-55584,YT-55584 07205,2,7,3,0,1,2,43,parts-from-docx,
58687,58687,1,4,1,1,0,2,73,parts-from-docx,
67200,67200,1,3,2,0,1,0,42,parts-from-docx,
67120,67120,1,5,2,1,1,1,41,parts-from-docx,
67201,67201,1,3,2,0,1,0,39,parts-from-docx,
09900,09900,1,2,2,0,0,0,4,parts-from-docx,
67125,67125,1,5,3,0,0,1,119,parts-from-docx,
"53575, 53576, 53577",53575 53576 53577,3,6,4,0,1,1,43,parts-from-docx,
DZ_YT-7350,,0,2,0,1,1,0,0,drawing-only,
79791,79791,1,3,1,1,0,1,54,parts-from-docx,
